{
	"file_path": "C:\\Users\\Jacob\\AppData\\Local\\Packages\\Microsoft.MinecraftUWP_8wekyb3d8bbwe\\LocalState\\games\\com.mojang\\development_behavior_packs\\Ore Generation Public Test 1\\feature_rules\\cave_grass_gen.json",
	"file_type": "feature_rule",
	"format_version": 1,
	"file_uuid": "b1d70b28_2938_48e7_97c2_578c4597ecfa",
	"file_version": 3,
	"cache_content": {
		"children": [
			{
				"data": "1.13.0",
				"key": "format_version"
			},
			{
				"open": {
					"format_version": "1.13.0",
					"minecraft:feature_rules": {
						"description": {
							"identifier": "ores:cave_grass_gen",
							"places_feature": "ores:cave_grass_feature"
						},
						"conditions": {
							"placement_pass": "underground_pass",
							"minecraft:biome_filter": [
								{
									"any_of": [
										{
											"test": "has_biome_tag",
											"operator": "==",
											"value": "overworld"
										},
										{
											"test": "has_biome_tag",
											"operator": "==",
											"value": "overworld_generation"
										}
									]
								}
							]
						},
						"distribution": {
							"iterations": 100,
							"coordinate_eval_order": "zyx",
							"x": {
								"distribution": "uniform",
								"extent": [
									0,
									16
								]
							},
							"y": {
								"distribution": "uniform",
								"extent": [
									0,
									63
								]
							},
							"z": {
								"distribution": "uniform",
								"extent": [
									0,
									16
								]
							}
						}
					}
				},
				"key": "minecraft:feature_rules",
				"children": [
					{
						"key": "description",
						"is_minified": true,
						"children": {
							"identifier": "ores:cave_grass_gen",
							"places_feature": "ores:cave_grass_feature"
						}
					},
					{
						"key": "conditions",
						"is_minified": true,
						"children": {
							"placement_pass": "underground_pass",
							"minecraft:biome_filter": [
								{
									"any_of": [
										{
											"test": "has_biome_tag",
											"operator": "==",
											"value": "overworld"
										},
										{
											"test": "has_biome_tag",
											"operator": "==",
											"value": "overworld_generation"
										}
									]
								}
							]
						}
					},
					{
						"open": {
							"description": {
								"identifier": "ores:cave_grass_gen",
								"places_feature": "ores:cave_grass_feature"
							},
							"conditions": {
								"placement_pass": "underground_pass",
								"minecraft:biome_filter": [
									{
										"any_of": [
											{
												"test": "has_biome_tag",
												"operator": "==",
												"value": "overworld"
											},
											{
												"test": "has_biome_tag",
												"operator": "==",
												"value": "overworld_generation"
											}
										]
									}
								]
							},
							"distribution": {
								"iterations": 100,
								"coordinate_eval_order": "zyx",
								"x": {
									"distribution": "uniform",
									"extent": [
										0,
										16
									]
								},
								"y": {
									"distribution": "uniform",
									"extent": [
										0,
										63
									]
								},
								"z": {
									"distribution": "uniform",
									"extent": [
										0,
										16
									]
								}
							}
						},
						"key": "distribution",
						"is_minified": true,
						"children": {
							"iterations": 100,
							"coordinate_eval_order": "zyx",
							"x": {
								"distribution": "uniform",
								"extent": [
									0,
									16
								]
							},
							"y": {
								"distribution": "uniform",
								"extent": [
									0,
									63
								]
							},
							"z": {
								"distribution": "uniform",
								"extent": [
									0,
									16
								]
							}
						}
					}
				]
			}
		]
	}
}