{
	"file_path": "C:\\Users\\Jacob\\AppData\\Local\\Packages\\Microsoft.MinecraftUWP_8wekyb3d8bbwe\\LocalState\\games\\com.mojang\\development_behavior_packs\\Ore Generation Public Test 1/feature_rules/crimson_stone_gen.json",
	"file_type": "feature_rule",
	"format_version": 1,
	"file_uuid": "54d5787b_83ad_4f63_8bdd_2e1e6d457de2",
	"file_version": 0,
	"cache_content": {
		"children": [
			{
				"data": "1.13.0",
				"key": "format_version"
			},
			{
				"open": {
					"format_version": "1.13.0",
					"minecraft:feature_rules": {
						"description": {
							"identifier": "ores:crimson_stone_gen",
							"places_feature": "ores:crimson_stone_feature"
						},
						"conditions": {
							"placement_pass": "underground_pass",
							"minecraft:biome_filter": {
								"any_of": [
									{
										"test": "has_biome_tag",
										"operator": "==",
										"value": "crimson_forest"
									}
								]
							}
						},
						"distribution": {
							"iterations": 16,
							"coordinate_eval_order": "zyx",
							"x": {
								"distribution": "uniform",
								"extent": [
									0,
									16
								]
							},
							"y": {
								"distribution": "uniform",
								"extent": [
									0,
									130
								]
							},
							"z": {
								"distribution": "uniform",
								"extent": [
									0,
									16
								]
							}
						}
					}
				},
				"key": "minecraft:feature_rules",
				"children": [
					{
						"open": {
							"description": {
								"identifier": "ores:crimson_stone_gen",
								"places_feature": "ores:crimson_stone_feature"
							},
							"conditions": {
								"placement_pass": "underground_pass",
								"minecraft:biome_filter": {
									"any_of": [
										{
											"test": "has_biome_tag",
											"operator": "==",
											"value": "crimson_forest"
										}
									]
								}
							},
							"distribution": {
								"iterations": 16,
								"coordinate_eval_order": "zyx",
								"x": {
									"distribution": "uniform",
									"extent": [
										0,
										16
									]
								},
								"y": {
									"distribution": "uniform",
									"extent": [
										0,
										130
									]
								},
								"z": {
									"distribution": "uniform",
									"extent": [
										0,
										16
									]
								}
							}
						},
						"key": "description",
						"is_minified": true,
						"children": {
							"identifier": "ores:crimson_stone_gen",
							"places_feature": "ores:crimson_stone_feature"
						}
					},
					{
						"open": {
							"description": {
								"identifier": "ores:crimson_stone_gen",
								"places_feature": "ores:crimson_stone_feature"
							},
							"conditions": {
								"placement_pass": "underground_pass",
								"minecraft:biome_filter": {
									"any_of": [
										{
											"test": "has_biome_tag",
											"operator": "==",
											"value": "crimson_forest"
										}
									]
								}
							},
							"distribution": {
								"iterations": 16,
								"coordinate_eval_order": "zyx",
								"x": {
									"distribution": "uniform",
									"extent": [
										0,
										16
									]
								},
								"y": {
									"distribution": "uniform",
									"extent": [
										0,
										130
									]
								},
								"z": {
									"distribution": "uniform",
									"extent": [
										0,
										16
									]
								}
							}
						},
						"key": "conditions",
						"children": [
							{
								"data": "underground_pass",
								"key": "placement_pass"
							},
							{
								"open": {
									"placement_pass": "underground_pass",
									"minecraft:biome_filter": {
										"any_of": [
											{
												"test": "has_biome_tag",
												"operator": "==",
												"value": "crimson_forest"
											}
										]
									}
								},
								"key": "minecraft:biome_filter",
								"children": [
									{
										"open": {
											"any_of": [
												{
													"test": "has_biome_tag",
													"operator": "==",
													"value": "crimson_forest"
												}
											]
										},
										"key": "any_of",
										"children": [
											{
												"open": [
													{
														"test": "has_biome_tag",
														"operator": "==",
														"value": "crimson_forest"
													}
												],
												"is_minified": true,
												"children": {
													"test": "has_biome_tag",
													"operator": "==",
													"value": "crimson_forest"
												}
											}
										]
									}
								]
							}
						]
					},
					{
						"open": {
							"description": {
								"identifier": "ores:crimson_stone_gen",
								"places_feature": "ores:crimson_stone_feature"
							},
							"conditions": {
								"placement_pass": "underground_pass",
								"minecraft:biome_filter": {
									"any_of": [
										{
											"test": "has_biome_tag",
											"operator": "==",
											"value": "crimson_forest"
										}
									]
								}
							},
							"distribution": {
								"iterations": 16,
								"coordinate_eval_order": "zyx",
								"x": {
									"distribution": "uniform",
									"extent": [
										0,
										16
									]
								},
								"y": {
									"distribution": "uniform",
									"extent": [
										0,
										130
									]
								},
								"z": {
									"distribution": "uniform",
									"extent": [
										0,
										16
									]
								}
							}
						},
						"key": "distribution",
						"children": [
							{
								"open": {
									"iterations": 16,
									"coordinate_eval_order": "zyx",
									"x": {
										"distribution": "uniform",
										"extent": [
											0,
											16
										]
									},
									"y": {
										"distribution": "uniform",
										"extent": [
											0,
											130
										]
									},
									"z": {
										"distribution": "uniform",
										"extent": [
											0,
											16
										]
									}
								},
								"data": "16",
								"key": "iterations"
							},
							{
								"data": "zyx",
								"key": "coordinate_eval_order"
							},
							{
								"key": "x",
								"is_minified": true,
								"children": {
									"distribution": "uniform",
									"extent": [
										0,
										16
									]
								}
							},
							{
								"open": {
									"iterations": 16,
									"coordinate_eval_order": "zyx",
									"x": {
										"distribution": "uniform",
										"extent": [
											0,
											16
										]
									},
									"y": {
										"distribution": "uniform",
										"extent": [
											0,
											130
										]
									},
									"z": {
										"distribution": "uniform",
										"extent": [
											0,
											16
										]
									}
								},
								"key": "y",
								"children": [
									{
										"data": "uniform",
										"key": "distribution"
									},
									{
										"open": {
											"distribution": "uniform",
											"extent": [
												0,
												130
											]
										},
										"key": "extent",
										"is_minified": true,
										"children": [
											0,
											130
										]
									}
								]
							},
							{
								"key": "z",
								"is_minified": true,
								"children": {
									"distribution": "uniform",
									"extent": [
										0,
										16
									]
								}
							}
						]
					}
				]
			}
		]
	}
}