{
	"file_path": "C:\\Users\\Jacob\\AppData\\Local\\Packages\\Microsoft.MinecraftUWP_8wekyb3d8bbwe\\LocalState\\games\\com.mojang\\development_behavior_packs\\Cave Enhancements BP\\feature_rules\\giant_cave_gen.json",
	"file_type": "feature_rule",
	"format_version": 1,
	"file_uuid": "fa975148_57dd_4d5d_a1fd_48ebb4bbae84",
	"file_version": 8,
	"cache_content": {
		"children": [
			{
				"data": "1.13.0",
				"key": "format_version"
			},
			{
				"open": {
					"format_version": "1.13.0",
					"minecraft:feature_rules": {
						"description": {
							"identifier": "ores:giant_cave_gen",
							"places_feature": "ores:giant_cave_feature"
						},
						"conditions": {
							"placement_pass": "underground_pass",
							"minecraft:biome_filter": {
								"any_of": [
									{
										"any_of": [
											{
												"test": "has_biome_tag",
												"operator": "==",
												"value": "plains"
											},
											{
												"test": "has_biome_tag",
												"operator": "==",
												"value": "desert"
											},
											{
												"test": "has_biome_tag",
												"operator": "==",
												"value": "jungle"
											},
											{
												"test": "has_biome_tag",
												"operator": "==",
												"value": "taiga"
											},
											{
												"test": "has_biome_tag",
												"operator": "==",
												"value": "extreme_hills"
											},
											{
												"test": "has_biome_tag",
												"operator": "==",
												"value": "savanna"
											},
											{
												"test": "has_biome_tag",
												"operator": "==",
												"value": "swamp"
											},
											{
												"test": "has_biome_tag",
												"operator": "==",
												"value": "flower_forest"
											},
											{
												"test": "has_biome_tag",
												"operator": "==",
												"value": "forest"
											},
											{
												"test": "has_biome_tag",
												"operator": "==",
												"value": "birch"
											},
											{
												"test": "has_biome_tag",
												"operator": "==",
												"value": "dark_oak"
											},
											{
												"test": "has_biome_tag",
												"operator": "==",
												"value": "hills"
											},
											{
												"test": "has_biome_tag",
												"operator": "==",
												"value": "mutated"
											},
											{
												"test": "has_biome_tag",
												"operator": "==",
												"value": "edge"
											},
											{
												"test": "has_biome_tag",
												"operator": "==",
												"value": "lakes"
											},
											{
												"test": "has_biome_tag",
												"operator": "==",
												"value": "plateau"
											},
											{
												"test": "has_biome_tag",
												"operator": "==",
												"value": "mesa"
											},
											{
												"test": "has_biome_tag",
												"operator": "==",
												"value": "ice_plains"
											},
											{
												"test": "has_biome_tag",
												"operator": "==",
												"value": "mountain"
											},
											{
												"test": "has_biome_tag",
												"operator": "==",
												"value": "stone"
											},
											{
												"test": "has_biome_tag",
												"operator": "==",
												"value": "roofed"
											},
											{
												"test": "has_biome_tag",
												"operator": "==",
												"value": "mega"
											}
										]
									}
								]
							}
						},
						"distribution": {
							"iterations": 1,
							"coordinate_eval_order": "zyx",
							"x": {
								"distribution": "uniform",
								"extent": [
									0,
									16
								]
							},
							"y": {
								"distribution": "uniform",
								"extent": [
									30,
									50
								]
							},
							"z": {
								"distribution": "uniform",
								"extent": [
									0,
									16
								]
							}
						}
					}
				},
				"key": "minecraft:feature_rules",
				"children": [
					{
						"key": "description",
						"is_minified": true,
						"children": {
							"identifier": "ores:giant_cave_gen",
							"places_feature": "ores:giant_cave_feature"
						}
					},
					{
						"open": {
							"description": {
								"identifier": "ores:giant_cave_gen",
								"places_feature": "ores:giant_cave_feature"
							},
							"conditions": {
								"placement_pass": "underground_pass",
								"minecraft:biome_filter": {
									"any_of": [
										{
											"any_of": [
												{
													"test": "has_biome_tag",
													"operator": "==",
													"value": "plains"
												},
												{
													"test": "has_biome_tag",
													"operator": "==",
													"value": "desert"
												},
												{
													"test": "has_biome_tag",
													"operator": "==",
													"value": "jungle"
												},
												{
													"test": "has_biome_tag",
													"operator": "==",
													"value": "taiga"
												},
												{
													"test": "has_biome_tag",
													"operator": "==",
													"value": "extreme_hills"
												},
												{
													"test": "has_biome_tag",
													"operator": "==",
													"value": "savanna"
												},
												{
													"test": "has_biome_tag",
													"operator": "==",
													"value": "swamp"
												},
												{
													"test": "has_biome_tag",
													"operator": "==",
													"value": "flower_forest"
												},
												{
													"test": "has_biome_tag",
													"operator": "==",
													"value": "forest"
												},
												{
													"test": "has_biome_tag",
													"operator": "==",
													"value": "birch"
												},
												{
													"test": "has_biome_tag",
													"operator": "==",
													"value": "dark_oak"
												},
												{
													"test": "has_biome_tag",
													"operator": "==",
													"value": "hills"
												},
												{
													"test": "has_biome_tag",
													"operator": "==",
													"value": "mutated"
												},
												{
													"test": "has_biome_tag",
													"operator": "==",
													"value": "edge"
												},
												{
													"test": "has_biome_tag",
													"operator": "==",
													"value": "lakes"
												},
												{
													"test": "has_biome_tag",
													"operator": "==",
													"value": "plateau"
												},
												{
													"test": "has_biome_tag",
													"operator": "==",
													"value": "mesa"
												},
												{
													"test": "has_biome_tag",
													"operator": "==",
													"value": "ice_plains"
												},
												{
													"test": "has_biome_tag",
													"operator": "==",
													"value": "mountain"
												},
												{
													"test": "has_biome_tag",
													"operator": "==",
													"value": "stone"
												},
												{
													"test": "has_biome_tag",
													"operator": "==",
													"value": "roofed"
												},
												{
													"test": "has_biome_tag",
													"operator": "==",
													"value": "mega"
												}
											]
										}
									]
								}
							},
							"distribution": {
								"iterations": 1,
								"coordinate_eval_order": "zyx",
								"x": {
									"distribution": "uniform",
									"extent": [
										0,
										16
									]
								},
								"y": {
									"distribution": "uniform",
									"extent": [
										30,
										50
									]
								},
								"z": {
									"distribution": "uniform",
									"extent": [
										0,
										16
									]
								}
							}
						},
						"key": "conditions",
						"children": [
							{
								"data": "underground_pass",
								"key": "placement_pass"
							},
							{
								"open": {
									"placement_pass": "underground_pass",
									"minecraft:biome_filter": {
										"any_of": [
											{
												"any_of": [
													{
														"test": "has_biome_tag",
														"operator": "==",
														"value": "plains"
													},
													{
														"test": "has_biome_tag",
														"operator": "==",
														"value": "desert"
													},
													{
														"test": "has_biome_tag",
														"operator": "==",
														"value": "jungle"
													},
													{
														"test": "has_biome_tag",
														"operator": "==",
														"value": "taiga"
													},
													{
														"test": "has_biome_tag",
														"operator": "==",
														"value": "extreme_hills"
													},
													{
														"test": "has_biome_tag",
														"operator": "==",
														"value": "savanna"
													},
													{
														"test": "has_biome_tag",
														"operator": "==",
														"value": "swamp"
													},
													{
														"test": "has_biome_tag",
														"operator": "==",
														"value": "flower_forest"
													},
													{
														"test": "has_biome_tag",
														"operator": "==",
														"value": "forest"
													},
													{
														"test": "has_biome_tag",
														"operator": "==",
														"value": "birch"
													},
													{
														"test": "has_biome_tag",
														"operator": "==",
														"value": "dark_oak"
													},
													{
														"test": "has_biome_tag",
														"operator": "==",
														"value": "hills"
													},
													{
														"test": "has_biome_tag",
														"operator": "==",
														"value": "mutated"
													},
													{
														"test": "has_biome_tag",
														"operator": "==",
														"value": "edge"
													},
													{
														"test": "has_biome_tag",
														"operator": "==",
														"value": "lakes"
													},
													{
														"test": "has_biome_tag",
														"operator": "==",
														"value": "plateau"
													},
													{
														"test": "has_biome_tag",
														"operator": "==",
														"value": "mesa"
													},
													{
														"test": "has_biome_tag",
														"operator": "==",
														"value": "ice_plains"
													},
													{
														"test": "has_biome_tag",
														"operator": "==",
														"value": "mountain"
													},
													{
														"test": "has_biome_tag",
														"operator": "==",
														"value": "stone"
													},
													{
														"test": "has_biome_tag",
														"operator": "==",
														"value": "roofed"
													},
													{
														"test": "has_biome_tag",
														"operator": "==",
														"value": "mega"
													}
												]
											}
										]
									}
								},
								"key": "minecraft:biome_filter",
								"children": [
									{
										"open": {
											"any_of": [
												{
													"any_of": [
														{
															"test": "has_biome_tag",
															"operator": "==",
															"value": "plains"
														},
														{
															"test": "has_biome_tag",
															"operator": "==",
															"value": "desert"
														},
														{
															"test": "has_biome_tag",
															"operator": "==",
															"value": "jungle"
														},
														{
															"test": "has_biome_tag",
															"operator": "==",
															"value": "taiga"
														},
														{
															"test": "has_biome_tag",
															"operator": "==",
															"value": "extreme_hills"
														},
														{
															"test": "has_biome_tag",
															"operator": "==",
															"value": "savanna"
														},
														{
															"test": "has_biome_tag",
															"operator": "==",
															"value": "swamp"
														},
														{
															"test": "has_biome_tag",
															"operator": "==",
															"value": "flower_forest"
														},
														{
															"test": "has_biome_tag",
															"operator": "==",
															"value": "forest"
														},
														{
															"test": "has_biome_tag",
															"operator": "==",
															"value": "birch"
														},
														{
															"test": "has_biome_tag",
															"operator": "==",
															"value": "dark_oak"
														},
														{
															"test": "has_biome_tag",
															"operator": "==",
															"value": "hills"
														},
														{
															"test": "has_biome_tag",
															"operator": "==",
															"value": "mutated"
														},
														{
															"test": "has_biome_tag",
															"operator": "==",
															"value": "edge"
														},
														{
															"test": "has_biome_tag",
															"operator": "==",
															"value": "lakes"
														},
														{
															"test": "has_biome_tag",
															"operator": "==",
															"value": "plateau"
														},
														{
															"test": "has_biome_tag",
															"operator": "==",
															"value": "mesa"
														},
														{
															"test": "has_biome_tag",
															"operator": "==",
															"value": "ice_plains"
														},
														{
															"test": "has_biome_tag",
															"operator": "==",
															"value": "mountain"
														},
														{
															"test": "has_biome_tag",
															"operator": "==",
															"value": "stone"
														},
														{
															"test": "has_biome_tag",
															"operator": "==",
															"value": "roofed"
														},
														{
															"test": "has_biome_tag",
															"operator": "==",
															"value": "mega"
														}
													]
												}
											]
										},
										"key": "any_of",
										"children": [
											{
												"open": [
													{
														"any_of": [
															{
																"test": "has_biome_tag",
																"operator": "==",
																"value": "plains"
															},
															{
																"test": "has_biome_tag",
																"operator": "==",
																"value": "desert"
															},
															{
																"test": "has_biome_tag",
																"operator": "==",
																"value": "jungle"
															},
															{
																"test": "has_biome_tag",
																"operator": "==",
																"value": "taiga"
															},
															{
																"test": "has_biome_tag",
																"operator": "==",
																"value": "extreme_hills"
															},
															{
																"test": "has_biome_tag",
																"operator": "==",
																"value": "savanna"
															},
															{
																"test": "has_biome_tag",
																"operator": "==",
																"value": "swamp"
															},
															{
																"test": "has_biome_tag",
																"operator": "==",
																"value": "flower_forest"
															},
															{
																"test": "has_biome_tag",
																"operator": "==",
																"value": "forest"
															},
															{
																"test": "has_biome_tag",
																"operator": "==",
																"value": "birch"
															},
															{
																"test": "has_biome_tag",
																"operator": "==",
																"value": "dark_oak"
															},
															{
																"test": "has_biome_tag",
																"operator": "==",
																"value": "hills"
															},
															{
																"test": "has_biome_tag",
																"operator": "==",
																"value": "mutated"
															},
															{
																"test": "has_biome_tag",
																"operator": "==",
																"value": "edge"
															},
															{
																"test": "has_biome_tag",
																"operator": "==",
																"value": "lakes"
															},
															{
																"test": "has_biome_tag",
																"operator": "==",
																"value": "plateau"
															},
															{
																"test": "has_biome_tag",
																"operator": "==",
																"value": "mesa"
															},
															{
																"test": "has_biome_tag",
																"operator": "==",
																"value": "ice_plains"
															},
															{
																"test": "has_biome_tag",
																"operator": "==",
																"value": "mountain"
															},
															{
																"test": "has_biome_tag",
																"operator": "==",
																"value": "stone"
															},
															{
																"test": "has_biome_tag",
																"operator": "==",
																"value": "roofed"
															},
															{
																"test": "has_biome_tag",
																"operator": "==",
																"value": "mega"
															}
														]
													}
												],
												"children": [
													{
														"open": {
															"any_of": [
																{
																	"test": "has_biome_tag",
																	"operator": "==",
																	"value": "plains"
																},
																{
																	"test": "has_biome_tag",
																	"operator": "==",
																	"value": "desert"
																},
																{
																	"test": "has_biome_tag",
																	"operator": "==",
																	"value": "jungle"
																},
																{
																	"test": "has_biome_tag",
																	"operator": "==",
																	"value": "taiga"
																},
																{
																	"test": "has_biome_tag",
																	"operator": "==",
																	"value": "extreme_hills"
																},
																{
																	"test": "has_biome_tag",
																	"operator": "==",
																	"value": "savanna"
																},
																{
																	"test": "has_biome_tag",
																	"operator": "==",
																	"value": "swamp"
																},
																{
																	"test": "has_biome_tag",
																	"operator": "==",
																	"value": "flower_forest"
																},
																{
																	"test": "has_biome_tag",
																	"operator": "==",
																	"value": "forest"
																},
																{
																	"test": "has_biome_tag",
																	"operator": "==",
																	"value": "birch"
																},
																{
																	"test": "has_biome_tag",
																	"operator": "==",
																	"value": "dark_oak"
																},
																{
																	"test": "has_biome_tag",
																	"operator": "==",
																	"value": "hills"
																},
																{
																	"test": "has_biome_tag",
																	"operator": "==",
																	"value": "mutated"
																},
																{
																	"test": "has_biome_tag",
																	"operator": "==",
																	"value": "edge"
																},
																{
																	"test": "has_biome_tag",
																	"operator": "==",
																	"value": "lakes"
																},
																{
																	"test": "has_biome_tag",
																	"operator": "==",
																	"value": "plateau"
																},
																{
																	"test": "has_biome_tag",
																	"operator": "==",
																	"value": "mesa"
																},
																{
																	"test": "has_biome_tag",
																	"operator": "==",
																	"value": "ice_plains"
																},
																{
																	"test": "has_biome_tag",
																	"operator": "==",
																	"value": "mountain"
																},
																{
																	"test": "has_biome_tag",
																	"operator": "==",
																	"value": "stone"
																},
																{
																	"test": "has_biome_tag",
																	"operator": "==",
																	"value": "roofed"
																},
																{
																	"test": "has_biome_tag",
																	"operator": "==",
																	"value": "mega"
																}
															]
														},
														"key": "any_of",
														"is_minified": true,
														"children": [
															{
																"test": "has_biome_tag",
																"operator": "==",
																"value": "plains"
															},
															{
																"test": "has_biome_tag",
																"operator": "==",
																"value": "desert"
															},
															{
																"test": "has_biome_tag",
																"operator": "==",
																"value": "jungle"
															},
															{
																"test": "has_biome_tag",
																"operator": "==",
																"value": "taiga"
															},
															{
																"test": "has_biome_tag",
																"operator": "==",
																"value": "extreme_hills"
															},
															{
																"test": "has_biome_tag",
																"operator": "==",
																"value": "savanna"
															},
															{
																"test": "has_biome_tag",
																"operator": "==",
																"value": "swamp"
															},
															{
																"test": "has_biome_tag",
																"operator": "==",
																"value": "flower_forest"
															},
															{
																"test": "has_biome_tag",
																"operator": "==",
																"value": "forest"
															},
															{
																"test": "has_biome_tag",
																"operator": "==",
																"value": "birch"
															},
															{
																"test": "has_biome_tag",
																"operator": "==",
																"value": "dark_oak"
															},
															{
																"test": "has_biome_tag",
																"operator": "==",
																"value": "hills"
															},
															{
																"test": "has_biome_tag",
																"operator": "==",
																"value": "mutated"
															},
															{
																"test": "has_biome_tag",
																"operator": "==",
																"value": "edge"
															},
															{
																"test": "has_biome_tag",
																"operator": "==",
																"value": "lakes"
															},
															{
																"test": "has_biome_tag",
																"operator": "==",
																"value": "plateau"
															},
															{
																"test": "has_biome_tag",
																"operator": "==",
																"value": "mesa"
															},
															{
																"test": "has_biome_tag",
																"operator": "==",
																"value": "ice_plains"
															},
															{
																"test": "has_biome_tag",
																"operator": "==",
																"value": "mountain"
															},
															{
																"test": "has_biome_tag",
																"operator": "==",
																"value": "stone"
															},
															{
																"test": "has_biome_tag",
																"operator": "==",
																"value": "roofed"
															},
															{
																"test": "has_biome_tag",
																"operator": "==",
																"value": "mega"
															}
														]
													}
												]
											}
										]
									}
								]
							}
						]
					},
					{
						"key": "distribution",
						"is_minified": true,
						"children": {
							"iterations": 1,
							"coordinate_eval_order": "zyx",
							"x": {
								"distribution": "uniform",
								"extent": [
									0,
									16
								]
							},
							"y": {
								"distribution": "uniform",
								"extent": [
									30,
									50
								]
							},
							"z": {
								"distribution": "uniform",
								"extent": [
									0,
									16
								]
							}
						}
					}
				]
			}
		]
	}
}