{
	"file_path": "C:\\Users\\Jacob\\AppData\\Local\\Packages\\Microsoft.MinecraftUWP_8wekyb3d8bbwe\\LocalState\\games\\com.mojang\\development_behavior_packs\\Ore Generation Public Test 1\\feature_rules\\gone.json",
	"file_type": "feature_rule",
	"format_version": 1,
	"file_uuid": "c469c648_ef21_4365_a2ea_bb077fc6fb1d",
	"file_version": 1,
	"cache_content": {
		"children": [
			{
				"data": "1.16.100",
				"key": "format_version"
			},
			{
				"open": {
					"format_version": "1.16.100",
					"minecraft:feature_rules": {
						"description": {
							"identifier": "ores:gone",
							"places_feature": "ores:bye_blue_crystal"
						},
						"conditions": {
							"placement_pass": "underground_pass",
							"minecraft:biome_filter": {
								"any_of": [
									{
										"test": "has_biome_tag",
										"operator": "==",
										"value": "ocean"
									},
									{
										"test": "has_biome_tag",
										"operator": "==",
										"value": "deep"
									}
								]
							}
						},
						"distribution": {
							"iterations": 10,
							"x": {
								"distribution": "uniform",
								"extent": [
									0,
									16
								]
							},
							"y": {
								"distribution": "uniform",
								"extent": [
									45,
									55
								]
							},
							"z": {
								"distribution": "uniform",
								"extent": [
									0,
									16
								]
							}
						}
					}
				},
				"key": "minecraft:feature_rules",
				"children": [
					{
						"open": {
							"description": {
								"identifier": "ores:gone",
								"places_feature": "ores:bye_blue_crystal"
							},
							"conditions": {
								"placement_pass": "underground_pass",
								"minecraft:biome_filter": {
									"any_of": [
										{
											"test": "has_biome_tag",
											"operator": "==",
											"value": "ocean"
										},
										{
											"test": "has_biome_tag",
											"operator": "==",
											"value": "deep"
										}
									]
								}
							},
							"distribution": {
								"iterations": 10,
								"x": {
									"distribution": "uniform",
									"extent": [
										0,
										16
									]
								},
								"y": {
									"distribution": "uniform",
									"extent": [
										45,
										55
									]
								},
								"z": {
									"distribution": "uniform",
									"extent": [
										0,
										16
									]
								}
							}
						},
						"key": "description",
						"is_minified": true,
						"children": {
							"identifier": "ores:gone",
							"places_feature": "ores:bye_blue_crystal"
						}
					},
					{
						"open": {
							"description": {
								"identifier": "ores:gone",
								"places_feature": "ores:bye_blue_crystal"
							},
							"conditions": {
								"placement_pass": "underground_pass",
								"minecraft:biome_filter": {
									"any_of": [
										{
											"test": "has_biome_tag",
											"operator": "==",
											"value": "ocean"
										},
										{
											"test": "has_biome_tag",
											"operator": "==",
											"value": "deep"
										}
									]
								}
							},
							"distribution": {
								"iterations": 10,
								"x": {
									"distribution": "uniform",
									"extent": [
										0,
										16
									]
								},
								"y": {
									"distribution": "uniform",
									"extent": [
										45,
										55
									]
								},
								"z": {
									"distribution": "uniform",
									"extent": [
										0,
										16
									]
								}
							}
						},
						"key": "conditions",
						"children": [
							{
								"open": {
									"placement_pass": "underground_pass",
									"minecraft:biome_filter": {
										"any_of": [
											{
												"test": "has_biome_tag",
												"operator": "==",
												"value": "ocean"
											},
											{
												"test": "has_biome_tag",
												"operator": "==",
												"value": "deep"
											}
										]
									}
								},
								"data": "underground_pass",
								"key": "placement_pass"
							},
							{
								"open": {
									"placement_pass": "underground_pass",
									"minecraft:biome_filter": {
										"any_of": [
											{
												"test": "has_biome_tag",
												"operator": "==",
												"value": "ocean"
											},
											{
												"test": "has_biome_tag",
												"operator": "==",
												"value": "deep"
											}
										]
									}
								},
								"key": "minecraft:biome_filter",
								"children": [
									{
										"open": {
											"any_of": [
												{
													"test": "has_biome_tag",
													"operator": "==",
													"value": "ocean"
												},
												{
													"test": "has_biome_tag",
													"operator": "==",
													"value": "deep"
												}
											]
										},
										"key": "any_of",
										"children": [
											{
												"open": [
													{
														"test": "has_biome_tag",
														"operator": "==",
														"value": "ocean"
													},
													{
														"test": "has_biome_tag",
														"operator": "==",
														"value": "deep"
													}
												],
												"is_minified": true,
												"children": {
													"test": "has_biome_tag",
													"operator": "==",
													"value": "ocean"
												}
											},
											{
												"open": [
													{
														"test": "has_biome_tag",
														"operator": "==",
														"value": "ocean"
													},
													{
														"test": "has_biome_tag",
														"operator": "==",
														"value": "deep"
													}
												],
												"is_minified": true,
												"children": {
													"test": "has_biome_tag",
													"operator": "==",
													"value": "deep"
												}
											}
										]
									}
								]
							}
						]
					},
					{
						"open": {
							"description": {
								"identifier": "ores:gone",
								"places_feature": "ores:bye_blue_crystal"
							},
							"conditions": {
								"placement_pass": "underground_pass",
								"minecraft:biome_filter": {
									"any_of": [
										{
											"test": "has_biome_tag",
											"operator": "==",
											"value": "ocean"
										},
										{
											"test": "has_biome_tag",
											"operator": "==",
											"value": "deep"
										}
									]
								}
							},
							"distribution": {
								"iterations": 10,
								"x": {
									"distribution": "uniform",
									"extent": [
										0,
										16
									]
								},
								"y": {
									"distribution": "uniform",
									"extent": [
										45,
										55
									]
								},
								"z": {
									"distribution": "uniform",
									"extent": [
										0,
										16
									]
								}
							}
						},
						"key": "distribution",
						"children": [
							{
								"open": {
									"iterations": 10,
									"x": {
										"distribution": "uniform",
										"extent": [
											0,
											16
										]
									},
									"y": {
										"distribution": "uniform",
										"extent": [
											45,
											55
										]
									},
									"z": {
										"distribution": "uniform",
										"extent": [
											0,
											16
										]
									}
								},
								"data": "10",
								"key": "iterations"
							},
							{
								"open": {
									"iterations": 10,
									"x": {
										"distribution": "uniform",
										"extent": [
											0,
											16
										]
									},
									"y": {
										"distribution": "uniform",
										"extent": [
											45,
											55
										]
									},
									"z": {
										"distribution": "uniform",
										"extent": [
											0,
											16
										]
									}
								},
								"key": "x",
								"children": [
									{
										"data": "uniform",
										"key": "distribution"
									},
									{
										"open": {
											"distribution": "uniform",
											"extent": [
												0,
												16
											]
										},
										"key": "extent",
										"is_minified": true,
										"children": [
											0,
											16
										]
									}
								]
							},
							{
								"open": {
									"iterations": 10,
									"x": {
										"distribution": "uniform",
										"extent": [
											0,
											16
										]
									},
									"y": {
										"distribution": "uniform",
										"extent": [
											45,
											55
										]
									},
									"z": {
										"distribution": "uniform",
										"extent": [
											0,
											16
										]
									}
								},
								"key": "y",
								"children": [
									{
										"data": "uniform",
										"key": "distribution"
									},
									{
										"open": {
											"distribution": "uniform",
											"extent": [
												45,
												55
											]
										},
										"key": "extent",
										"is_minified": true,
										"children": [
											45,
											55
										]
									}
								]
							},
							{
								"open": {
									"iterations": 10,
									"x": {
										"distribution": "uniform",
										"extent": [
											0,
											16
										]
									},
									"y": {
										"distribution": "uniform",
										"extent": [
											45,
											55
										]
									},
									"z": {
										"distribution": "uniform",
										"extent": [
											0,
											16
										]
									}
								},
								"key": "z",
								"children": [
									{
										"data": "uniform",
										"key": "distribution"
									},
									{
										"open": {
											"distribution": "uniform",
											"extent": [
												0,
												16
											]
										},
										"key": "extent",
										"is_minified": true,
										"children": [
											0,
											16
										]
									}
								]
							}
						]
					}
				]
			}
		]
	}
}