{
	"file_path": "C:\\Users\\Jacob\\AppData\\Local\\Packages\\Microsoft.MinecraftUWP_8wekyb3d8bbwe\\LocalState\\games\\com.mojang\\development_behavior_packs\\Cave Enhancements BP\\feature_rules\\grape_bush_gen.json",
	"file_type": "feature_rule",
	"format_version": 1,
	"file_uuid": "7f95b393_69fa_4954_9ff0_fa4ec49b310a",
	"file_version": 5,
	"cache_content": {
		"children": [
			{
				"data": "1.13.0",
				"key": "format_version"
			},
			{
				"open": {
					"format_version": "1.13.0",
					"minecraft:feature_rules": {
						"description": {
							"identifier": "ores:grape_bush_gen",
							"places_feature": "ores:grape_bush_feature"
						},
						"conditions": {
							"placement_pass": "underground_pass",
							"minecraft:biome_filter": [
								{
									"any_of": [
										{
											"test": "has_biome_tag",
											"operator": "==",
											"value": "overworld"
										},
										{
											"test": "has_biome_tag",
											"operator": "==",
											"value": "overworld_generation"
										}
									]
								}
							]
						},
						"distribution": {
							"iterations": 35,
							"coordinate_eval_order": "zyx",
							"x": {
								"distribution": "uniform",
								"extent": [
									0,
									16
								]
							},
							"y": {
								"distribution": "uniform",
								"extent": [
									35,
									50
								]
							},
							"z": {
								"distribution": "uniform",
								"extent": [
									0,
									16
								]
							}
						}
					}
				},
				"key": "minecraft:feature_rules",
				"children": [
					{
						"open": {
							"description": {
								"identifier": "ores:grape_bush_gen",
								"places_feature": "ores:grape_bush_feature"
							},
							"conditions": {
								"placement_pass": "underground_pass",
								"minecraft:biome_filter": [
									{
										"any_of": [
											{
												"test": "has_biome_tag",
												"operator": "==",
												"value": "overworld"
											},
											{
												"test": "has_biome_tag",
												"operator": "==",
												"value": "overworld_generation"
											}
										]
									}
								]
							},
							"distribution": {
								"iterations": 35,
								"coordinate_eval_order": "zyx",
								"x": {
									"distribution": "uniform",
									"extent": [
										0,
										16
									]
								},
								"y": {
									"distribution": "uniform",
									"extent": [
										35,
										50
									]
								},
								"z": {
									"distribution": "uniform",
									"extent": [
										0,
										16
									]
								}
							}
						},
						"key": "description",
						"is_minified": true,
						"children": {
							"identifier": "ores:grape_bush_gen",
							"places_feature": "ores:grape_bush_feature"
						}
					},
					{
						"open": {
							"description": {
								"identifier": "ores:grape_bush_gen",
								"places_feature": "ores:grape_bush_feature"
							},
							"conditions": {
								"placement_pass": "underground_pass",
								"minecraft:biome_filter": [
									{
										"any_of": [
											{
												"test": "has_biome_tag",
												"operator": "==",
												"value": "overworld"
											},
											{
												"test": "has_biome_tag",
												"operator": "==",
												"value": "overworld_generation"
											}
										]
									}
								]
							},
							"distribution": {
								"iterations": 35,
								"coordinate_eval_order": "zyx",
								"x": {
									"distribution": "uniform",
									"extent": [
										0,
										16
									]
								},
								"y": {
									"distribution": "uniform",
									"extent": [
										35,
										50
									]
								},
								"z": {
									"distribution": "uniform",
									"extent": [
										0,
										16
									]
								}
							}
						},
						"key": "conditions",
						"children": [
							{
								"data": "underground_pass",
								"key": "placement_pass"
							},
							{
								"open": {
									"placement_pass": "underground_pass",
									"minecraft:biome_filter": [
										{
											"any_of": [
												{
													"test": "has_biome_tag",
													"operator": "==",
													"value": "overworld"
												},
												{
													"test": "has_biome_tag",
													"operator": "==",
													"value": "overworld_generation"
												}
											]
										}
									]
								},
								"key": "minecraft:biome_filter",
								"children": [
									{
										"open": [
											{
												"any_of": [
													{
														"test": "has_biome_tag",
														"operator": "==",
														"value": "overworld"
													},
													{
														"test": "has_biome_tag",
														"operator": "==",
														"value": "overworld_generation"
													}
												]
											}
										],
										"children": [
											{
												"open": {
													"any_of": [
														{
															"test": "has_biome_tag",
															"operator": "==",
															"value": "overworld"
														},
														{
															"test": "has_biome_tag",
															"operator": "==",
															"value": "overworld_generation"
														}
													]
												},
												"key": "any_of",
												"children": [
													{
														"open": [
															{
																"test": "has_biome_tag",
																"operator": "==",
																"value": "overworld"
															},
															{
																"test": "has_biome_tag",
																"operator": "==",
																"value": "overworld_generation"
															}
														],
														"is_minified": true,
														"children": {
															"test": "has_biome_tag",
															"operator": "==",
															"value": "overworld"
														}
													},
													{
														"open": [
															{
																"test": "has_biome_tag",
																"operator": "==",
																"value": "overworld"
															},
															{
																"test": "has_biome_tag",
																"operator": "==",
																"value": "overworld_generation"
															}
														],
														"is_minified": true,
														"children": {
															"test": "has_biome_tag",
															"operator": "==",
															"value": "overworld_generation"
														}
													}
												]
											}
										]
									}
								]
							}
						]
					},
					{
						"open": {
							"description": {
								"identifier": "ores:grape_bush_gen",
								"places_feature": "ores:grape_bush_feature"
							},
							"conditions": {
								"placement_pass": "underground_pass",
								"minecraft:biome_filter": [
									{
										"any_of": [
											{
												"test": "has_biome_tag",
												"operator": "==",
												"value": "overworld"
											},
											{
												"test": "has_biome_tag",
												"operator": "==",
												"value": "overworld_generation"
											}
										]
									}
								]
							},
							"distribution": {
								"iterations": 35,
								"coordinate_eval_order": "zyx",
								"x": {
									"distribution": "uniform",
									"extent": [
										0,
										16
									]
								},
								"y": {
									"distribution": "uniform",
									"extent": [
										35,
										50
									]
								},
								"z": {
									"distribution": "uniform",
									"extent": [
										0,
										16
									]
								}
							}
						},
						"key": "distribution",
						"children": [
							{
								"open": {
									"iterations": 35,
									"coordinate_eval_order": "zyx",
									"x": {
										"distribution": "uniform",
										"extent": [
											0,
											16
										]
									},
									"y": {
										"distribution": "uniform",
										"extent": [
											35,
											50
										]
									},
									"z": {
										"distribution": "uniform",
										"extent": [
											0,
											16
										]
									}
								},
								"data": "35",
								"key": "iterations"
							},
							{
								"data": "zyx",
								"key": "coordinate_eval_order"
							},
							{
								"key": "x",
								"is_minified": true,
								"children": {
									"distribution": "uniform",
									"extent": [
										0,
										16
									]
								}
							},
							{
								"open": {
									"iterations": 35,
									"coordinate_eval_order": "zyx",
									"x": {
										"distribution": "uniform",
										"extent": [
											0,
											16
										]
									},
									"y": {
										"distribution": "uniform",
										"extent": [
											35,
											50
										]
									},
									"z": {
										"distribution": "uniform",
										"extent": [
											0,
											16
										]
									}
								},
								"key": "y",
								"children": [
									{
										"data": "uniform",
										"key": "distribution"
									},
									{
										"open": {
											"distribution": "uniform",
											"extent": [
												35,
												50
											]
										},
										"key": "extent",
										"is_minified": true,
										"children": [
											35,
											50
										]
									}
								]
							},
							{
								"key": "z",
								"is_minified": true,
								"children": {
									"distribution": "uniform",
									"extent": [
										0,
										16
									]
								}
							}
						]
					}
				]
			}
		]
	}
}