{
	"file_path": "C:\\Users\\Jacob\\AppData\\Local\\Packages\\Microsoft.MinecraftUWP_8wekyb3d8bbwe\\LocalState\\games\\com.mojang\\development_behavior_packs\\Ore Generation Public Test 1\\items\\calcite_apple.json",
	"file_type": "item",
	"format_version": 1,
	"file_uuid": "3b1a04d0_c33e_4166_899e_ceb5a8747f0a",
	"file_version": 6,
	"cache_content": {
		"children": [
			{
				"data": "1.16.100",
				"key": "format_version"
			},
			{
				"open": {
					"format_version": "1.16.100",
					"minecraft:item": {
						"description": {
							"identifier": "ores:calcite_apple",
							"category": "nature"
						},
						"components": {
							"minecraft:stacked_by_data": true,
							"minecraft:use_duration": 1.6,
							"minecraft:foil": false,
							"minecraft:food": {
								"nutrition": 2,
								"saturation_modifier": "supernatural",
								"can_always_eat": true,
								"on_consume": {
									"event": "t",
									"target": "self"
								}
							},
							"minecraft:icon": {
								"texture": "calciteapple"
							},
							"minecraft:use_animation": "eat",
							"minecraft:display_name": {
								"value": "Calcite Apple"
							}
						},
						"events": {
							"t": {
								"add_mob_effect": {
									"effect": "invisibility",
									"target": "holder",
									"duration": 30,
									"amplifier": 0
								}
							}
						}
					}
				},
				"key": "minecraft:item",
				"children": [
					{
						"key": "description",
						"is_minified": true,
						"children": {
							"identifier": "ores:calcite_apple",
							"category": "nature"
						}
					},
					{
						"open": {
							"description": {
								"identifier": "ores:calcite_apple",
								"category": "nature"
							},
							"components": {
								"minecraft:stacked_by_data": true,
								"minecraft:use_duration": 1.6,
								"minecraft:foil": false,
								"minecraft:food": {
									"nutrition": 2,
									"saturation_modifier": "supernatural",
									"can_always_eat": true,
									"on_consume": {
										"event": "t",
										"target": "self"
									}
								},
								"minecraft:icon": {
									"texture": "calciteapple"
								},
								"minecraft:use_animation": "eat",
								"minecraft:display_name": {
									"value": "Calcite Apple"
								}
							},
							"events": {
								"t": {
									"add_mob_effect": {
										"effect": "invisibility",
										"target": "holder",
										"duration": 30,
										"amplifier": 0
									}
								}
							}
						},
						"key": "components",
						"children": [
							{
								"data": "true",
								"key": "minecraft:stacked_by_data"
							},
							{
								"data": "1.6",
								"key": "minecraft:use_duration"
							},
							{
								"data": "false",
								"key": "minecraft:foil"
							},
							{
								"key": "minecraft:food",
								"is_minified": true,
								"children": {
									"nutrition": 2,
									"saturation_modifier": "supernatural",
									"can_always_eat": true,
									"on_consume": {
										"event": "t",
										"target": "self"
									}
								}
							},
							{
								"key": "minecraft:icon",
								"is_minified": true,
								"children": {
									"texture": "calciteapple"
								}
							},
							{
								"data": "eat",
								"key": "minecraft:use_animation"
							},
							{
								"open": {
									"minecraft:stacked_by_data": true,
									"minecraft:use_duration": 1.6,
									"minecraft:foil": false,
									"minecraft:food": {
										"nutrition": 2,
										"saturation_modifier": "supernatural",
										"can_always_eat": true,
										"on_consume": {
											"event": "t",
											"target": "self"
										}
									},
									"minecraft:icon": {
										"texture": "calciteapple"
									},
									"minecraft:use_animation": "eat",
									"minecraft:display_name": {
										"value": "Calcite Apple"
									}
								},
								"key": "minecraft:display_name",
								"is_minified": true,
								"children": {
									"value": "Calcite Apple"
								}
							}
						]
					},
					{
						"key": "events",
						"is_minified": true,
						"children": {
							"t": {
								"add_mob_effect": {
									"effect": "invisibility",
									"target": "holder",
									"duration": 30,
									"amplifier": 0
								}
							}
						}
					}
				]
			}
		]
	}
}