{
	"file_path": "C:\\Users\\Jacob\\AppData\\Local\\Packages\\Microsoft.MinecraftUWP_8wekyb3d8bbwe\\LocalState\\games\\com.mojang\\development_behavior_packs\\Cave Enhancements BP\\items\\copper_boots.json",
	"file_type": "item",
	"format_version": 1,
	"file_uuid": "ae6ce0c4_7e0c_42c2_9317_a98b2cddda23",
	"file_version": 10,
	"cache_content": {
		"children": [
			{
				"data": "1.16.100",
				"key": "format_version"
			},
			{
				"open": {
					"format_version": "1.16.100",
					"minecraft:item": {
						"description": {
							"identifier": "ores:copper_boots",
							"category": "equipment"
						},
						"components": {
							"minecraft:max_stack_size": 1,
							"minecraft:enchantable": {
								"value": 9,
								"slot": "armor_feet"
							},
							"minecraft:damage": 2,
							"minecraft:armor": {
								"protection": 1
							},
							"minecraft:wearable": {
								"slot": "slot.armor.feet"
							},
							"minecraft:durability": {
								"max_durability": 195,
								"damage_chance": {
									"min": 60,
									"max": 100
								}
							},
							"minecraft:icon": {
								"texture": "ores_copper_boots"
							},
							"minecraft:display_name": {
								"value": "Copper Boots"
							},
							"minecraft:creative_category": {
								"parent": "itemGroup.name.boots"
							},
							"minecraft:repairable": {
								"repair_items": [
									{
										"items": [
											"ores:copper_chain_link"
										]
									}
								]
							}
						}
					}
				},
				"key": "minecraft:item",
				"children": [
					{
						"key": "description",
						"is_minified": true,
						"children": {
							"identifier": "ores:copper_boots",
							"category": "equipment"
						}
					},
					{
						"open": {
							"description": {
								"identifier": "ores:copper_boots",
								"category": "equipment"
							},
							"components": {
								"minecraft:max_stack_size": 1,
								"minecraft:enchantable": {
									"value": 9,
									"slot": "armor_feet"
								},
								"minecraft:damage": 2,
								"minecraft:armor": {
									"protection": 1
								},
								"minecraft:wearable": {
									"slot": "slot.armor.feet"
								},
								"minecraft:durability": {
									"max_durability": 195,
									"damage_chance": {
										"min": 60,
										"max": 100
									}
								},
								"minecraft:icon": {
									"texture": "ores_copper_boots"
								},
								"minecraft:display_name": {
									"value": "Copper Boots"
								},
								"minecraft:creative_category": {
									"parent": "itemGroup.name.boots"
								},
								"minecraft:repairable": {
									"repair_items": [
										{
											"items": [
												"ores:copper_chain_link"
											]
										}
									]
								}
							}
						},
						"key": "components",
						"children": [
							{
								"data": "1",
								"key": "minecraft:max_stack_size"
							},
							{
								"key": "minecraft:enchantable",
								"is_minified": true,
								"children": {
									"value": 9,
									"slot": "armor_feet"
								}
							},
							{
								"data": "2",
								"key": "minecraft:damage"
							},
							{
								"open": {
									"minecraft:max_stack_size": 1,
									"minecraft:enchantable": {
										"value": 9,
										"slot": "armor_feet"
									},
									"minecraft:damage": 2,
									"minecraft:armor": {
										"protection": 1
									},
									"minecraft:wearable": {
										"slot": "slot.armor.feet"
									},
									"minecraft:durability": {
										"max_durability": 195,
										"damage_chance": {
											"min": 60,
											"max": 100
										}
									},
									"minecraft:icon": {
										"texture": "ores_copper_boots"
									},
									"minecraft:display_name": {
										"value": "Copper Boots"
									},
									"minecraft:creative_category": {
										"parent": "itemGroup.name.boots"
									},
									"minecraft:repairable": {
										"repair_items": [
											{
												"items": [
													"ores:copper_chain_link"
												]
											}
										]
									}
								},
								"key": "minecraft:armor",
								"is_minified": true,
								"children": {
									"protection": 1
								}
							},
							{
								"key": "minecraft:wearable",
								"is_minified": true,
								"children": {
									"slot": "slot.armor.feet"
								}
							},
							{
								"open": {
									"minecraft:max_stack_size": 1,
									"minecraft:enchantable": {
										"value": 9,
										"slot": "armor_feet"
									},
									"minecraft:damage": 2,
									"minecraft:armor": {
										"protection": 1
									},
									"minecraft:wearable": {
										"slot": "slot.armor.feet"
									},
									"minecraft:durability": {
										"max_durability": 195,
										"damage_chance": {
											"min": 60,
											"max": 100
										}
									},
									"minecraft:icon": {
										"texture": "ores_copper_boots"
									},
									"minecraft:display_name": {
										"value": "Copper Boots"
									},
									"minecraft:creative_category": {
										"parent": "itemGroup.name.boots"
									},
									"minecraft:repairable": {
										"repair_items": [
											{
												"items": [
													"ores:copper_chain_link"
												]
											}
										]
									}
								},
								"key": "minecraft:durability",
								"is_minified": true,
								"children": {
									"max_durability": 195,
									"damage_chance": {
										"min": 60,
										"max": 100
									}
								}
							},
							{
								"key": "minecraft:icon",
								"is_minified": true,
								"children": {
									"texture": "ores_copper_boots"
								}
							},
							{
								"open": {
									"minecraft:max_stack_size": 1,
									"minecraft:enchantable": {
										"value": 9,
										"slot": "armor_feet"
									},
									"minecraft:damage": 2,
									"minecraft:armor": {
										"protection": 1
									},
									"minecraft:wearable": {
										"slot": "slot.armor.feet"
									},
									"minecraft:durability": {
										"max_durability": 195,
										"damage_chance": {
											"min": 60,
											"max": 100
										}
									},
									"minecraft:icon": {
										"texture": "ores_copper_boots"
									},
									"minecraft:display_name": {
										"value": "Copper Boots"
									},
									"minecraft:creative_category": {
										"parent": "itemGroup.name.boots"
									},
									"minecraft:repairable": {
										"repair_items": [
											{
												"items": [
													"ores:copper_chain_link"
												]
											}
										]
									}
								},
								"key": "minecraft:display_name",
								"is_minified": true,
								"children": {
									"value": "Copper Boots"
								}
							},
							{
								"open": {
									"minecraft:max_stack_size": 1,
									"minecraft:enchantable": {
										"value": 9,
										"slot": "armor_feet"
									},
									"minecraft:damage": 2,
									"minecraft:armor": {
										"protection": 1
									},
									"minecraft:wearable": {
										"slot": "slot.armor.feet"
									},
									"minecraft:durability": {
										"max_durability": 195,
										"damage_chance": {
											"min": 60,
											"max": 100
										}
									},
									"minecraft:icon": {
										"texture": "ores_copper_boots"
									},
									"minecraft:display_name": {
										"value": "Copper Boots"
									},
									"minecraft:creative_category": {
										"parent": "itemGroup.name.boots"
									},
									"minecraft:repairable": {
										"repair_items": [
											{
												"items": [
													"ores:copper_chain_link"
												]
											}
										]
									}
								},
								"key": "minecraft:creative_category",
								"is_minified": true,
								"children": {
									"parent": "itemGroup.name.boots"
								}
							},
							{
								"open": {
									"minecraft:max_stack_size": 1,
									"minecraft:enchantable": {
										"value": 9,
										"slot": "armor_feet"
									},
									"minecraft:damage": 2,
									"minecraft:armor": {
										"protection": 1
									},
									"minecraft:wearable": {
										"slot": "slot.armor.feet"
									},
									"minecraft:durability": {
										"max_durability": 195,
										"damage_chance": {
											"min": 60,
											"max": 100
										}
									},
									"minecraft:icon": {
										"texture": "ores_copper_boots"
									},
									"minecraft:display_name": {
										"value": "Copper Boots"
									},
									"minecraft:creative_category": {
										"parent": "itemGroup.name.boots"
									},
									"minecraft:repairable": {
										"repair_items": [
											{
												"items": [
													"ores:copper_chain_link"
												]
											}
										]
									}
								},
								"key": "minecraft:repairable",
								"children": [
									{
										"open": {
											"repair_items": [
												{
													"items": [
														"ores:copper_chain_link"
													]
												}
											]
										},
										"key": "repair_items",
										"children": [
											{
												"open": [
													{
														"items": [
															"ores:copper_chain_link"
														]
													}
												],
												"children": [
													{
														"open": {
															"items": [
																"ores:copper_chain_link"
															]
														},
														"key": "items",
														"is_minified": true,
														"children": [
															"ores:copper_chain_link"
														]
													}
												]
											}
										]
									}
								]
							}
						]
					}
				]
			}
		]
	}
}