{
	"file_path": "C:\\Users\\Jacob\\AppData\\Local\\Packages\\Microsoft.MinecraftUWP_8wekyb3d8bbwe\\LocalState\\games\\com.mojang\\development_behavior_packs\\Cave Enhancements BP\\items\\copper_pickaxe.json",
	"file_type": "item",
	"format_version": 1,
	"file_uuid": "29aaae00_3b5e_4cd8_b12e_95c2ecaf85cb",
	"file_version": 16,
	"cache_content": {
		"children": [
			{
				"data": "1.16.100",
				"key": "format_version"
			},
			{
				"open": {
					"format_version": "1.16.100",
					"minecraft:item": {
						"description": {
							"identifier": "ores:copper_pickaxe",
							"category": "equipment"
						},
						"components": {
							"minecraft:max_stack_size": 1,
							"minecraft:hand_equipped": true,
							"minecraft:mining_speed": 1,
							"minecraft:damage": 2,
							"minecraft:enchantable": {
								"value": 5,
								"slot": "pickaxe"
							},
							"minecraft:digger": {
								"use_efficiency": true,
								"destroy_speeds": [
									{
										"block": {
											"tags": "query.any_tag('stone', 'metal', 'stone_pick_diggable')"
										},
										"speed": 5
									},
									{
										"block": "minecraft:ice",
										"speed": 4
									},
									{
										"block": "minecraft:sandstone",
										"speed": 4
									},
									{
										"block": {
											"tags": "query.any_tag('ores:easy')"
										},
										"speed": 2150
									},
									{
										"block": {
											"tags": "query.any_tag('ores:biomestone')"
										},
										"speed": 20
									},
									{
										"block": "ores:hematite_ore",
										"speed": 1100
									},
									{
										"block": "minecraft:coal_ore",
										"speed": 5
									},
									{
										"block": "minecraft:iron_ore",
										"speed": 5
									},
									{
										"block": "minecraft:lapis_ore",
										"speed": 5
									},
									{
										"block": "minecraft:furnace",
										"speed": 5
									},
									{
										"block": "minecraft:cobblestone",
										"speed": 5
									}
								]
							},
							"minecraft:durability": {
								"max_durability": 180
							},
							"minecraft:icon": {
								"texture": "copperpickaxe"
							},
							"minecraft:display_name": {
								"value": "Copper Pickaxe"
							},
							"minecraft:creative_category": {
								"parent": "itemGroup.name.pickaxe"
							}
						}
					}
				},
				"key": "minecraft:item",
				"children": [
					{
						"open": {
							"description": {
								"identifier": "ores:copper_pickaxe",
								"category": "equipment"
							},
							"components": {
								"minecraft:max_stack_size": 1,
								"minecraft:hand_equipped": true,
								"minecraft:mining_speed": 1,
								"minecraft:damage": 2,
								"minecraft:enchantable": {
									"value": 5,
									"slot": "pickaxe"
								},
								"minecraft:digger": {
									"use_efficiency": true,
									"destroy_speeds": [
										{
											"block": {
												"tags": "query.any_tag('stone', 'metal', 'stone_pick_diggable')"
											},
											"speed": 5
										},
										{
											"block": "minecraft:ice",
											"speed": 4
										},
										{
											"block": "minecraft:sandstone",
											"speed": 4
										},
										{
											"block": {
												"tags": "query.any_tag('ores:easy')"
											},
											"speed": 2150
										},
										{
											"block": {
												"tags": "query.any_tag('ores:biomestone')"
											},
											"speed": 20
										},
										{
											"block": "ores:hematite_ore",
											"speed": 1100
										},
										{
											"block": "minecraft:coal_ore",
											"speed": 5
										},
										{
											"block": "minecraft:iron_ore",
											"speed": 5
										},
										{
											"block": "minecraft:lapis_ore",
											"speed": 5
										},
										{
											"block": "minecraft:furnace",
											"speed": 5
										},
										{
											"block": "minecraft:cobblestone",
											"speed": 5
										}
									]
								},
								"minecraft:durability": {
									"max_durability": 180
								},
								"minecraft:icon": {
									"texture": "copperpickaxe"
								},
								"minecraft:display_name": {
									"value": "Copper Pickaxe"
								},
								"minecraft:creative_category": {
									"parent": "itemGroup.name.pickaxe"
								}
							}
						},
						"key": "description",
						"is_minified": true,
						"children": {
							"identifier": "ores:copper_pickaxe",
							"category": "equipment"
						}
					},
					{
						"open": {
							"description": {
								"identifier": "ores:copper_pickaxe",
								"category": "equipment"
							},
							"components": {
								"minecraft:max_stack_size": 1,
								"minecraft:hand_equipped": true,
								"minecraft:mining_speed": 1,
								"minecraft:damage": 2,
								"minecraft:enchantable": {
									"value": 5,
									"slot": "pickaxe"
								},
								"minecraft:digger": {
									"use_efficiency": true,
									"destroy_speeds": [
										{
											"block": {
												"tags": "query.any_tag('stone', 'metal', 'stone_pick_diggable')"
											},
											"speed": 5
										},
										{
											"block": "minecraft:ice",
											"speed": 4
										},
										{
											"block": "minecraft:sandstone",
											"speed": 4
										},
										{
											"block": {
												"tags": "query.any_tag('ores:easy')"
											},
											"speed": 2150
										},
										{
											"block": {
												"tags": "query.any_tag('ores:biomestone')"
											},
											"speed": 20
										},
										{
											"block": "ores:hematite_ore",
											"speed": 1100
										},
										{
											"block": "minecraft:coal_ore",
											"speed": 5
										},
										{
											"block": "minecraft:iron_ore",
											"speed": 5
										},
										{
											"block": "minecraft:lapis_ore",
											"speed": 5
										},
										{
											"block": "minecraft:furnace",
											"speed": 5
										},
										{
											"block": "minecraft:cobblestone",
											"speed": 5
										}
									]
								},
								"minecraft:durability": {
									"max_durability": 180
								},
								"minecraft:icon": {
									"texture": "copperpickaxe"
								},
								"minecraft:display_name": {
									"value": "Copper Pickaxe"
								},
								"minecraft:creative_category": {
									"parent": "itemGroup.name.pickaxe"
								}
							}
						},
						"key": "components",
						"children": [
							{
								"data": "1",
								"key": "minecraft:max_stack_size"
							},
							{
								"data": "true",
								"key": "minecraft:hand_equipped"
							},
							{
								"data": "1",
								"key": "minecraft:mining_speed"
							},
							{
								"data": "2",
								"key": "minecraft:damage"
							},
							{
								"key": "minecraft:enchantable",
								"is_minified": true,
								"children": {
									"value": 5,
									"slot": "pickaxe"
								}
							},
							{
								"open": {
									"minecraft:max_stack_size": 1,
									"minecraft:hand_equipped": true,
									"minecraft:mining_speed": 1,
									"minecraft:damage": 2,
									"minecraft:enchantable": {
										"value": 5,
										"slot": "pickaxe"
									},
									"minecraft:digger": {
										"use_efficiency": true,
										"destroy_speeds": [
											{
												"block": {
													"tags": "query.any_tag('stone', 'metal', 'stone_pick_diggable')"
												},
												"speed": 5
											},
											{
												"block": "minecraft:ice",
												"speed": 4
											},
											{
												"block": "minecraft:sandstone",
												"speed": 4
											},
											{
												"block": {
													"tags": "query.any_tag('ores:easy')"
												},
												"speed": 2150
											},
											{
												"block": {
													"tags": "query.any_tag('ores:biomestone')"
												},
												"speed": 20
											},
											{
												"block": "ores:hematite_ore",
												"speed": 1100
											},
											{
												"block": "minecraft:coal_ore",
												"speed": 5
											},
											{
												"block": "minecraft:iron_ore",
												"speed": 5
											},
											{
												"block": "minecraft:lapis_ore",
												"speed": 5
											},
											{
												"block": "minecraft:furnace",
												"speed": 5
											},
											{
												"block": "minecraft:cobblestone",
												"speed": 5
											}
										]
									},
									"minecraft:durability": {
										"max_durability": 180
									},
									"minecraft:icon": {
										"texture": "copperpickaxe"
									},
									"minecraft:display_name": {
										"value": "Copper Pickaxe"
									},
									"minecraft:creative_category": {
										"parent": "itemGroup.name.pickaxe"
									}
								},
								"key": "minecraft:digger",
								"children": [
									{
										"data": "true",
										"key": "use_efficiency"
									},
									{
										"open": {
											"use_efficiency": true,
											"destroy_speeds": [
												{
													"block": {
														"tags": "query.any_tag('stone', 'metal', 'stone_pick_diggable')"
													},
													"speed": 5
												},
												{
													"block": "minecraft:ice",
													"speed": 4
												},
												{
													"block": "minecraft:sandstone",
													"speed": 4
												},
												{
													"block": {
														"tags": "query.any_tag('ores:easy')"
													},
													"speed": 2150
												},
												{
													"block": {
														"tags": "query.any_tag('ores:biomestone')"
													},
													"speed": 20
												},
												{
													"block": "ores:hematite_ore",
													"speed": 1100
												},
												{
													"block": "minecraft:coal_ore",
													"speed": 5
												},
												{
													"block": "minecraft:iron_ore",
													"speed": 5
												},
												{
													"block": "minecraft:lapis_ore",
													"speed": 5
												},
												{
													"block": "minecraft:furnace",
													"speed": 5
												},
												{
													"block": "minecraft:cobblestone",
													"speed": 5
												}
											]
										},
										"key": "destroy_speeds",
										"children": [
											{
												"open": [
													{
														"block": {
															"tags": "query.any_tag('stone', 'metal', 'stone_pick_diggable')"
														},
														"speed": 5
													},
													{
														"block": "minecraft:ice",
														"speed": 4
													},
													{
														"block": "minecraft:sandstone",
														"speed": 4
													},
													{
														"block": {
															"tags": "query.any_tag('ores:easy')"
														},
														"speed": 2150
													},
													{
														"block": {
															"tags": "query.any_tag('ores:biomestone')"
														},
														"speed": 20
													},
													{
														"block": "ores:hematite_ore",
														"speed": 1100
													},
													{
														"block": "minecraft:coal_ore",
														"speed": 5
													},
													{
														"block": "minecraft:iron_ore",
														"speed": 5
													},
													{
														"block": "minecraft:lapis_ore",
														"speed": 5
													},
													{
														"block": "minecraft:furnace",
														"speed": 5
													},
													{
														"block": "minecraft:cobblestone",
														"speed": 5
													}
												],
												"children": [
													{
														"open": {
															"block": {
																"tags": "query.any_tag('stone', 'metal', 'stone_pick_diggable')"
															},
															"speed": 5
														},
														"key": "block",
														"is_minified": true,
														"children": {
															"tags": "query.any_tag('stone', 'metal', 'stone_pick_diggable')"
														}
													},
													{
														"data": "5",
														"key": "speed"
													}
												]
											},
											{
												"open": [
													{
														"block": {
															"tags": "query.any_tag('stone', 'metal', 'stone_pick_diggable')"
														},
														"speed": 5
													},
													{
														"block": "minecraft:ice",
														"speed": 4
													},
													{
														"block": "minecraft:sandstone",
														"speed": 4
													},
													{
														"block": {
															"tags": "query.any_tag('ores:easy')"
														},
														"speed": 2150
													},
													{
														"block": {
															"tags": "query.any_tag('ores:biomestone')"
														},
														"speed": 20
													},
													{
														"block": "ores:hematite_ore",
														"speed": 1100
													},
													{
														"block": "minecraft:coal_ore",
														"speed": 5
													},
													{
														"block": "minecraft:iron_ore",
														"speed": 5
													},
													{
														"block": "minecraft:lapis_ore",
														"speed": 5
													},
													{
														"block": "minecraft:furnace",
														"speed": 5
													},
													{
														"block": "minecraft:cobblestone",
														"speed": 5
													}
												],
												"is_minified": true,
												"children": {
													"block": "minecraft:ice",
													"speed": 4
												}
											},
											{
												"open": [
													{
														"block": {
															"tags": "query.any_tag('stone', 'metal', 'stone_pick_diggable')"
														},
														"speed": 5
													},
													{
														"block": "minecraft:ice",
														"speed": 4
													},
													{
														"block": "minecraft:sandstone",
														"speed": 4
													},
													{
														"block": {
															"tags": "query.any_tag('ores:easy')"
														},
														"speed": 2150
													},
													{
														"block": {
															"tags": "query.any_tag('ores:biomestone')"
														},
														"speed": 20
													},
													{
														"block": "ores:hematite_ore",
														"speed": 1100
													},
													{
														"block": "minecraft:coal_ore",
														"speed": 5
													},
													{
														"block": "minecraft:iron_ore",
														"speed": 5
													},
													{
														"block": "minecraft:lapis_ore",
														"speed": 5
													},
													{
														"block": "minecraft:furnace",
														"speed": 5
													},
													{
														"block": "minecraft:cobblestone",
														"speed": 5
													}
												],
												"is_minified": true,
												"children": {
													"block": "minecraft:sandstone",
													"speed": 4
												}
											},
											{
												"open": [
													{
														"block": {
															"tags": "query.any_tag('stone', 'metal', 'stone_pick_diggable')"
														},
														"speed": 5
													},
													{
														"block": "minecraft:ice",
														"speed": 4
													},
													{
														"block": "minecraft:sandstone",
														"speed": 4
													},
													{
														"block": {
															"tags": "query.any_tag('ores:easy')"
														},
														"speed": 2150
													},
													{
														"block": {
															"tags": "query.any_tag('ores:biomestone')"
														},
														"speed": 20
													},
													{
														"block": "ores:hematite_ore",
														"speed": 1100
													},
													{
														"block": "minecraft:coal_ore",
														"speed": 5
													},
													{
														"block": "minecraft:iron_ore",
														"speed": 5
													},
													{
														"block": "minecraft:lapis_ore",
														"speed": 5
													},
													{
														"block": "minecraft:furnace",
														"speed": 5
													},
													{
														"block": "minecraft:cobblestone",
														"speed": 5
													}
												],
												"children": [
													{
														"open": {
															"block": {
																"tags": "query.any_tag('ores:easy')"
															},
															"speed": 2150
														},
														"key": "block",
														"is_minified": true,
														"children": {
															"tags": "query.any_tag('ores:easy')"
														}
													},
													{
														"data": "2150",
														"key": "speed"
													}
												]
											},
											{
												"open": [
													{
														"block": {
															"tags": "query.any_tag('stone', 'metal', 'stone_pick_diggable')"
														},
														"speed": 5
													},
													{
														"block": "minecraft:ice",
														"speed": 4
													},
													{
														"block": "minecraft:sandstone",
														"speed": 4
													},
													{
														"block": {
															"tags": "query.any_tag('ores:easy')"
														},
														"speed": 2150
													},
													{
														"block": {
															"tags": "query.any_tag('ores:biomestone')"
														},
														"speed": 20
													},
													{
														"block": "ores:hematite_ore",
														"speed": 1100
													},
													{
														"block": "minecraft:coal_ore",
														"speed": 5
													},
													{
														"block": "minecraft:iron_ore",
														"speed": 5
													},
													{
														"block": "minecraft:lapis_ore",
														"speed": 5
													},
													{
														"block": "minecraft:furnace",
														"speed": 5
													},
													{
														"block": "minecraft:cobblestone",
														"speed": 5
													}
												],
												"children": [
													{
														"open": {
															"block": {
																"tags": "query.any_tag('ores:biomestone')"
															},
															"speed": 20
														},
														"key": "block",
														"is_minified": true,
														"children": {
															"tags": "query.any_tag('ores:biomestone')"
														}
													},
													{
														"data": "20",
														"key": "speed"
													}
												]
											},
											{
												"open": [
													{
														"block": {
															"tags": "query.any_tag('stone', 'metal', 'stone_pick_diggable')"
														},
														"speed": 5
													},
													{
														"block": "minecraft:ice",
														"speed": 4
													},
													{
														"block": "minecraft:sandstone",
														"speed": 4
													},
													{
														"block": {
															"tags": "query.any_tag('ores:easy')"
														},
														"speed": 2150
													},
													{
														"block": {
															"tags": "query.any_tag('ores:biomestone')"
														},
														"speed": 20
													},
													{
														"block": "ores:hematite_ore",
														"speed": 1100
													},
													{
														"block": "minecraft:coal_ore",
														"speed": 5
													},
													{
														"block": "minecraft:iron_ore",
														"speed": 5
													},
													{
														"block": "minecraft:lapis_ore",
														"speed": 5
													},
													{
														"block": "minecraft:furnace",
														"speed": 5
													},
													{
														"block": "minecraft:cobblestone",
														"speed": 5
													}
												],
												"is_minified": true,
												"children": {
													"block": "ores:hematite_ore",
													"speed": 1100
												}
											},
											{
												"open": [
													{
														"block": {
															"tags": "query.any_tag('stone', 'metal', 'stone_pick_diggable')"
														},
														"speed": 5
													},
													{
														"block": "minecraft:ice",
														"speed": 4
													},
													{
														"block": "minecraft:sandstone",
														"speed": 4
													},
													{
														"block": {
															"tags": "query.any_tag('ores:easy')"
														},
														"speed": 2150
													},
													{
														"block": {
															"tags": "query.any_tag('ores:biomestone')"
														},
														"speed": 20
													},
													{
														"block": "ores:hematite_ore",
														"speed": 1100
													},
													{
														"block": "minecraft:coal_ore",
														"speed": 5
													},
													{
														"block": "minecraft:iron_ore",
														"speed": 5
													},
													{
														"block": "minecraft:lapis_ore",
														"speed": 5
													},
													{
														"block": "minecraft:furnace",
														"speed": 5
													},
													{
														"block": "minecraft:cobblestone",
														"speed": 5
													}
												],
												"is_minified": true,
												"children": {
													"block": "minecraft:coal_ore",
													"speed": 5
												}
											},
											{
												"open": [
													{
														"block": {
															"tags": "query.any_tag('stone', 'metal', 'stone_pick_diggable')"
														},
														"speed": 5
													},
													{
														"block": "minecraft:ice",
														"speed": 4
													},
													{
														"block": "minecraft:sandstone",
														"speed": 4
													},
													{
														"block": {
															"tags": "query.any_tag('ores:easy')"
														},
														"speed": 2150
													},
													{
														"block": {
															"tags": "query.any_tag('ores:biomestone')"
														},
														"speed": 20
													},
													{
														"block": "ores:hematite_ore",
														"speed": 1100
													},
													{
														"block": "minecraft:coal_ore",
														"speed": 5
													},
													{
														"block": "minecraft:iron_ore",
														"speed": 5
													},
													{
														"block": "minecraft:lapis_ore",
														"speed": 5
													},
													{
														"block": "minecraft:furnace",
														"speed": 5
													},
													{
														"block": "minecraft:cobblestone",
														"speed": 5
													}
												],
												"is_minified": true,
												"children": {
													"block": "minecraft:iron_ore",
													"speed": 5
												}
											},
											{
												"open": [
													{
														"block": {
															"tags": "query.any_tag('stone', 'metal', 'stone_pick_diggable')"
														},
														"speed": 5
													},
													{
														"block": "minecraft:ice",
														"speed": 4
													},
													{
														"block": "minecraft:sandstone",
														"speed": 4
													},
													{
														"block": {
															"tags": "query.any_tag('ores:easy')"
														},
														"speed": 2150
													},
													{
														"block": {
															"tags": "query.any_tag('ores:biomestone')"
														},
														"speed": 20
													},
													{
														"block": "ores:hematite_ore",
														"speed": 1100
													},
													{
														"block": "minecraft:coal_ore",
														"speed": 5
													},
													{
														"block": "minecraft:iron_ore",
														"speed": 5
													},
													{
														"block": "minecraft:lapis_ore",
														"speed": 5
													},
													{
														"block": "minecraft:furnace",
														"speed": 5
													},
													{
														"block": "minecraft:cobblestone",
														"speed": 5
													}
												],
												"is_minified": true,
												"children": {
													"block": "minecraft:lapis_ore",
													"speed": 5
												}
											},
											{
												"open": [
													{
														"block": {
															"tags": "query.any_tag('stone', 'metal', 'stone_pick_diggable')"
														},
														"speed": 5
													},
													{
														"block": "minecraft:ice",
														"speed": 4
													},
													{
														"block": "minecraft:sandstone",
														"speed": 4
													},
													{
														"block": {
															"tags": "query.any_tag('ores:easy')"
														},
														"speed": 2150
													},
													{
														"block": {
															"tags": "query.any_tag('ores:biomestone')"
														},
														"speed": 20
													},
													{
														"block": "ores:hematite_ore",
														"speed": 1100
													},
													{
														"block": "minecraft:coal_ore",
														"speed": 5
													},
													{
														"block": "minecraft:iron_ore",
														"speed": 5
													},
													{
														"block": "minecraft:lapis_ore",
														"speed": 5
													},
													{
														"block": "minecraft:furnace",
														"speed": 5
													},
													{
														"block": "minecraft:cobblestone",
														"speed": 5
													}
												],
												"is_minified": true,
												"children": {
													"block": "minecraft:furnace",
													"speed": 5
												}
											},
											{
												"open": [
													{
														"block": {
															"tags": "query.any_tag('stone', 'metal', 'stone_pick_diggable')"
														},
														"speed": 5
													},
													{
														"block": "minecraft:ice",
														"speed": 4
													},
													{
														"block": "minecraft:sandstone",
														"speed": 4
													},
													{
														"block": {
															"tags": "query.any_tag('ores:easy')"
														},
														"speed": 2150
													},
													{
														"block": {
															"tags": "query.any_tag('ores:biomestone')"
														},
														"speed": 20
													},
													{
														"block": "ores:hematite_ore",
														"speed": 1100
													},
													{
														"block": "minecraft:coal_ore",
														"speed": 5
													},
													{
														"block": "minecraft:iron_ore",
														"speed": 5
													},
													{
														"block": "minecraft:lapis_ore",
														"speed": 5
													},
													{
														"block": "minecraft:furnace",
														"speed": 5
													},
													{
														"block": "minecraft:cobblestone",
														"speed": 5
													}
												],
												"is_minified": true,
												"children": {
													"block": "minecraft:cobblestone",
													"speed": 5
												}
											}
										]
									}
								]
							},
							{
								"open": {
									"minecraft:max_stack_size": 1,
									"minecraft:hand_equipped": true,
									"minecraft:mining_speed": 1,
									"minecraft:damage": 2,
									"minecraft:enchantable": {
										"value": 5,
										"slot": "pickaxe"
									},
									"minecraft:digger": {
										"use_efficiency": true,
										"destroy_speeds": [
											{
												"block": {
													"tags": "query.any_tag('stone', 'metal', 'stone_pick_diggable')"
												},
												"speed": 5
											},
											{
												"block": "minecraft:ice",
												"speed": 4
											},
											{
												"block": "minecraft:sandstone",
												"speed": 4
											},
											{
												"block": {
													"tags": "query.any_tag('ores:easy')"
												},
												"speed": 2150
											},
											{
												"block": {
													"tags": "query.any_tag('ores:biomestone')"
												},
												"speed": 20
											},
											{
												"block": "ores:hematite_ore",
												"speed": 1100
											},
											{
												"block": "minecraft:coal_ore",
												"speed": 5
											},
											{
												"block": "minecraft:iron_ore",
												"speed": 5
											},
											{
												"block": "minecraft:lapis_ore",
												"speed": 5
											},
											{
												"block": "minecraft:furnace",
												"speed": 5
											},
											{
												"block": "minecraft:cobblestone",
												"speed": 5
											}
										]
									},
									"minecraft:durability": {
										"max_durability": 180
									},
									"minecraft:icon": {
										"texture": "copperpickaxe"
									},
									"minecraft:display_name": {
										"value": "Copper Pickaxe"
									},
									"minecraft:creative_category": {
										"parent": "itemGroup.name.pickaxe"
									}
								},
								"key": "minecraft:durability",
								"is_minified": true,
								"children": {
									"max_durability": 180
								}
							},
							{
								"open": {
									"minecraft:max_stack_size": 1,
									"minecraft:hand_equipped": true,
									"minecraft:mining_speed": 1,
									"minecraft:damage": 2,
									"minecraft:enchantable": {
										"value": 5,
										"slot": "pickaxe"
									},
									"minecraft:digger": {
										"use_efficiency": true,
										"destroy_speeds": [
											{
												"block": {
													"tags": "query.any_tag('stone', 'metal', 'stone_pick_diggable')"
												},
												"speed": 5
											},
											{
												"block": "minecraft:ice",
												"speed": 4
											},
											{
												"block": "minecraft:sandstone",
												"speed": 4
											},
											{
												"block": {
													"tags": "query.any_tag('ores:easy')"
												},
												"speed": 2150
											},
											{
												"block": {
													"tags": "query.any_tag('ores:biomestone')"
												},
												"speed": 20
											},
											{
												"block": "ores:hematite_ore",
												"speed": 1100
											},
											{
												"block": "minecraft:coal_ore",
												"speed": 5
											},
											{
												"block": "minecraft:iron_ore",
												"speed": 5
											},
											{
												"block": "minecraft:lapis_ore",
												"speed": 5
											},
											{
												"block": "minecraft:furnace",
												"speed": 5
											},
											{
												"block": "minecraft:cobblestone",
												"speed": 5
											}
										]
									},
									"minecraft:durability": {
										"max_durability": 180
									},
									"minecraft:icon": {
										"texture": "copperpickaxe"
									},
									"minecraft:display_name": {
										"value": "Copper Pickaxe"
									},
									"minecraft:creative_category": {
										"parent": "itemGroup.name.pickaxe"
									}
								},
								"key": "minecraft:icon",
								"is_minified": true,
								"children": {
									"texture": "copperpickaxe"
								}
							},
							{
								"open": {
									"minecraft:max_stack_size": 1,
									"minecraft:hand_equipped": true,
									"minecraft:mining_speed": 1,
									"minecraft:damage": 2,
									"minecraft:enchantable": {
										"value": 5,
										"slot": "pickaxe"
									},
									"minecraft:digger": {
										"use_efficiency": true,
										"destroy_speeds": [
											{
												"block": {
													"tags": "query.any_tag('stone', 'metal', 'stone_pick_diggable')"
												},
												"speed": 5
											},
											{
												"block": "minecraft:ice",
												"speed": 4
											},
											{
												"block": "minecraft:sandstone",
												"speed": 4
											},
											{
												"block": {
													"tags": "query.any_tag('ores:easy')"
												},
												"speed": 2150
											},
											{
												"block": {
													"tags": "query.any_tag('ores:biomestone')"
												},
												"speed": 20
											},
											{
												"block": "ores:hematite_ore",
												"speed": 1100
											},
											{
												"block": "minecraft:coal_ore",
												"speed": 5
											},
											{
												"block": "minecraft:iron_ore",
												"speed": 5
											},
											{
												"block": "minecraft:lapis_ore",
												"speed": 5
											},
											{
												"block": "minecraft:furnace",
												"speed": 5
											},
											{
												"block": "minecraft:cobblestone",
												"speed": 5
											}
										]
									},
									"minecraft:durability": {
										"max_durability": 180
									},
									"minecraft:icon": {
										"texture": "copperpickaxe"
									},
									"minecraft:display_name": {
										"value": "Copper Pickaxe"
									},
									"minecraft:creative_category": {
										"parent": "itemGroup.name.pickaxe"
									}
								},
								"key": "minecraft:display_name",
								"is_minified": true,
								"children": {
									"value": "Copper Pickaxe"
								}
							},
							{
								"key": "minecraft:creative_category",
								"is_minified": true,
								"children": {
									"parent": "itemGroup.name.pickaxe"
								}
							}
						]
					}
				]
			}
		]
	}
}