{
	"file_path": "C:\\Users\\Jacob\\AppData\\Local\\Packages\\Microsoft.MinecraftUWP_8wekyb3d8bbwe\\LocalState\\games\\com.mojang\\development_behavior_packs\\Ore Generation Public Test 1/items/copper_chain_link.json",
	"file_type": "item",
	"format_version": 1,
	"file_uuid": "9eeaff2b_643e_4d0d_bdd2_b5e7a9d200dd",
	"file_version": 0,
	"cache_content": {
		"children": [
			{
				"data": "1.16.100",
				"key": "format_version"
			},
			{
				"open": {
					"format_version": "1.16.100",
					"minecraft:item": {
						"description": {
							"identifier": "ores:copper_chain_link",
							"category": "items"
						},
						"components": {
							"minecraft:max_stack_size": 64,
							"minecraft:hand_equipped": false,
							"minecraft:stacked_by_data": true,
							"minecraft:display_name": {
								"value": "Copper Chain Link"
							},
							"minecraft:icon": {
								"texture": "copperchainlink"
							}
						}
					}
				},
				"key": "minecraft:item",
				"children": [
					{
						"open": {
							"description": {
								"identifier": "ores:copper_chain_link",
								"category": "items"
							},
							"components": {
								"minecraft:max_stack_size": 64,
								"minecraft:hand_equipped": false,
								"minecraft:stacked_by_data": true,
								"minecraft:display_name": {
									"value": "Copper Chain Link"
								},
								"minecraft:icon": {
									"texture": "copperchainlink"
								}
							}
						},
						"key": "description",
						"is_minified": true,
						"children": {
							"identifier": "ores:copper_chain_link",
							"category": "items"
						}
					},
					{
						"open": {
							"description": {
								"identifier": "ores:copper_chain_link",
								"category": "items"
							},
							"components": {
								"minecraft:max_stack_size": 64,
								"minecraft:hand_equipped": false,
								"minecraft:stacked_by_data": true,
								"minecraft:display_name": {
									"value": "Copper Chain Link"
								},
								"minecraft:icon": {
									"texture": "copperchainlink"
								}
							}
						},
						"key": "components",
						"is_minified": true,
						"children": {
							"minecraft:max_stack_size": 64,
							"minecraft:hand_equipped": false,
							"minecraft:stacked_by_data": true,
							"minecraft:display_name": {
								"value": "Copper Chain Link"
							},
							"minecraft:icon": {
								"texture": "copperchainlink"
							}
						}
					}
				]
			}
		]
	}
}