{
	"file_path": "C:\\Users\\Jacob\\AppData\\Local\\Packages\\Microsoft.MinecraftUWP_8wekyb3d8bbwe\\LocalState\\games\\com.mojang\\development_behavior_packs\\Cave Enhancements BP\\items\\copper_helmet.json",
	"file_type": "item",
	"format_version": 1,
	"file_uuid": "65ddec08_3c0f_4812_b8c9_8cc48aad5007",
	"file_version": 10,
	"cache_content": {
		"children": [
			{
				"data": "1.16.100",
				"key": "format_version"
			},
			{
				"open": {
					"format_version": "1.16.100",
					"minecraft:item": {
						"description": {
							"identifier": "ores:copper_helmet",
							"category": "equipment"
						},
						"components": {
							"minecraft:max_stack_size": 1,
							"minecraft:enchantable": {
								"value": 9,
								"slot": "armor_head"
							},
							"minecraft:damage": 2,
							"minecraft:armor": {
								"protection": 2
							},
							"minecraft:wearable": {
								"slot": "slot.armor.head"
							},
							"minecraft:durability": {
								"max_durability": 165,
								"damage_chance": {
									"min": 60,
									"max": 100
								}
							},
							"minecraft:icon": {
								"texture": "ores_copper_helmet"
							},
							"minecraft:display_name": {
								"value": "Copper Helmet"
							},
							"minecraft:creative_category": {
								"parent": "itemGroup.name.helmet"
							}
						}
					}
				},
				"key": "minecraft:item",
				"children": [
					{
						"key": "description",
						"is_minified": true,
						"children": {
							"identifier": "ores:copper_helmet",
							"category": "equipment"
						}
					},
					{
						"open": {
							"description": {
								"identifier": "ores:copper_helmet",
								"category": "equipment"
							},
							"components": {
								"minecraft:max_stack_size": 1,
								"minecraft:enchantable": {
									"value": 9,
									"slot": "armor_head"
								},
								"minecraft:damage": 2,
								"minecraft:armor": {
									"protection": 2
								},
								"minecraft:wearable": {
									"slot": "slot.armor.head"
								},
								"minecraft:durability": {
									"max_durability": 165,
									"damage_chance": {
										"min": 60,
										"max": 100
									}
								},
								"minecraft:icon": {
									"texture": "ores_copper_helmet"
								},
								"minecraft:display_name": {
									"value": "Copper Helmet"
								},
								"minecraft:creative_category": {
									"parent": "itemGroup.name.helmet"
								}
							}
						},
						"key": "components",
						"children": [
							{
								"data": "1",
								"key": "minecraft:max_stack_size"
							},
							{
								"key": "minecraft:enchantable",
								"is_minified": true,
								"children": {
									"value": 9,
									"slot": "armor_head"
								}
							},
							{
								"data": "2",
								"key": "minecraft:damage"
							},
							{
								"open": {
									"minecraft:max_stack_size": 1,
									"minecraft:enchantable": {
										"value": 9,
										"slot": "armor_head"
									},
									"minecraft:damage": 2,
									"minecraft:armor": {
										"protection": 2
									},
									"minecraft:wearable": {
										"slot": "slot.armor.head"
									},
									"minecraft:durability": {
										"max_durability": 165,
										"damage_chance": {
											"min": 60,
											"max": 100
										}
									},
									"minecraft:icon": {
										"texture": "ores_copper_helmet"
									},
									"minecraft:display_name": {
										"value": "Copper Helmet"
									},
									"minecraft:creative_category": {
										"parent": "itemGroup.name.helmet"
									}
								},
								"key": "minecraft:armor",
								"is_minified": true,
								"children": {
									"protection": 2
								}
							},
							{
								"open": {
									"minecraft:max_stack_size": 1,
									"minecraft:enchantable": {
										"value": 9,
										"slot": "armor_head"
									},
									"minecraft:damage": 2,
									"minecraft:armor": {
										"protection": 2
									},
									"minecraft:wearable": {
										"slot": "slot.armor.head"
									},
									"minecraft:durability": {
										"max_durability": 165,
										"damage_chance": {
											"min": 60,
											"max": 100
										}
									},
									"minecraft:icon": {
										"texture": "ores_copper_helmet"
									},
									"minecraft:display_name": {
										"value": "Copper Helmet"
									},
									"minecraft:creative_category": {
										"parent": "itemGroup.name.helmet"
									}
								},
								"key": "minecraft:wearable",
								"is_minified": true,
								"children": {
									"slot": "slot.armor.head"
								}
							},
							{
								"open": {
									"minecraft:max_stack_size": 1,
									"minecraft:enchantable": {
										"value": 9,
										"slot": "armor_head"
									},
									"minecraft:damage": 2,
									"minecraft:armor": {
										"protection": 2
									},
									"minecraft:wearable": {
										"slot": "slot.armor.head"
									},
									"minecraft:durability": {
										"max_durability": 165,
										"damage_chance": {
											"min": 60,
											"max": 100
										}
									},
									"minecraft:icon": {
										"texture": "ores_copper_helmet"
									},
									"minecraft:display_name": {
										"value": "Copper Helmet"
									},
									"minecraft:creative_category": {
										"parent": "itemGroup.name.helmet"
									}
								},
								"key": "minecraft:durability",
								"is_minified": true,
								"children": {
									"max_durability": 165,
									"damage_chance": {
										"min": 60,
										"max": 100
									}
								}
							},
							{
								"key": "minecraft:icon",
								"is_minified": true,
								"children": {
									"texture": "ores_copper_helmet"
								}
							},
							{
								"open": {
									"minecraft:max_stack_size": 1,
									"minecraft:enchantable": {
										"value": 9,
										"slot": "armor_head"
									},
									"minecraft:damage": 2,
									"minecraft:armor": {
										"protection": 2
									},
									"minecraft:wearable": {
										"slot": "slot.armor.head"
									},
									"minecraft:durability": {
										"max_durability": 165,
										"damage_chance": {
											"min": 60,
											"max": 100
										}
									},
									"minecraft:icon": {
										"texture": "ores_copper_helmet"
									},
									"minecraft:display_name": {
										"value": "Copper Helmet"
									},
									"minecraft:creative_category": {
										"parent": "itemGroup.name.helmet"
									}
								},
								"key": "minecraft:display_name",
								"is_minified": true,
								"children": {
									"value": "Copper Helmet"
								}
							},
							{
								"open": {
									"minecraft:max_stack_size": 1,
									"minecraft:enchantable": {
										"value": 9,
										"slot": "armor_head"
									},
									"minecraft:damage": 2,
									"minecraft:armor": {
										"protection": 2
									},
									"minecraft:wearable": {
										"slot": "slot.armor.head"
									},
									"minecraft:durability": {
										"max_durability": 165,
										"damage_chance": {
											"min": 60,
											"max": 100
										}
									},
									"minecraft:icon": {
										"texture": "ores_copper_helmet"
									},
									"minecraft:display_name": {
										"value": "Copper Helmet"
									},
									"minecraft:creative_category": {
										"parent": "itemGroup.name.helmet"
									}
								},
								"key": "minecraft:creative_category",
								"is_minified": true,
								"children": {
									"parent": "itemGroup.name.helmet"
								}
							}
						]
					}
				]
			}
		]
	}
}