{
	"file_path": "C:\\Users\\Jacob\\AppData\\Local\\Packages\\Microsoft.MinecraftUWP_8wekyb3d8bbwe\\LocalState\\games\\com.mojang\\development_behavior_packs\\Ore Generation Public Test 1\\items\\galaxy_chestplate.json",
	"file_type": "item",
	"format_version": 1,
	"file_uuid": "236b4167_3adc_4723_bbce_462b72511af2",
	"file_version": 2,
	"cache_content": {
		"children": [
			{
				"data": "1.16.100",
				"key": "format_version"
			},
			{
				"open": {
					"format_version": "1.16.100",
					"minecraft:item": {
						"description": {
							"identifier": "ores:galaxy_chestplate",
							"category": "equipment"
						},
						"components": {
							"minecraft:max_stack_size": 1,
							"minecraft:enchantable": {
								"value": 9,
								"slot": "armor_torso"
							},
							"minecraft:damageable": {
								"max_damage": 240,
								"damage_chance": {
									"min": 60,
									"max": 100
								}
							},
							"minecraft:damage": 2,
							"minecraft:armor": {
								"protection": 6
							},
							"minecraft:wearable": {
								"slot": "slot.armor.chest"
							},
							"minecraft:icon": {
								"texture": "ores_galaxy_chestplate"
							},
							"minecraft:display_name": {
								"value": "Galaxy Chestplate DEVELOPER TESTING ONLY"
							}
						}
					}
				},
				"key": "minecraft:item",
				"children": [
					{
						"key": "description",
						"is_minified": true,
						"children": {
							"identifier": "ores:galaxy_chestplate",
							"category": "equipment"
						}
					},
					{
						"open": {
							"description": {
								"identifier": "ores:galaxy_chestplate",
								"category": "equipment"
							},
							"components": {
								"minecraft:max_stack_size": 1,
								"minecraft:enchantable": {
									"value": 9,
									"slot": "armor_torso"
								},
								"minecraft:damageable": {
									"max_damage": 240,
									"damage_chance": {
										"min": 60,
										"max": 100
									}
								},
								"minecraft:damage": 2,
								"minecraft:armor": {
									"protection": 6
								},
								"minecraft:wearable": {
									"slot": "slot.armor.chest"
								},
								"minecraft:icon": {
									"texture": "ores_galaxy_chestplate"
								},
								"minecraft:display_name": {
									"value": "Galaxy Chestplate DEVELOPER TESTING ONLY"
								}
							}
						},
						"key": "components",
						"children": [
							{
								"data": "1",
								"key": "minecraft:max_stack_size"
							},
							{
								"key": "minecraft:enchantable",
								"is_minified": true,
								"children": {
									"value": 9,
									"slot": "armor_torso"
								}
							},
							{
								"key": "minecraft:damageable",
								"is_minified": true,
								"children": {
									"max_damage": 240,
									"damage_chance": {
										"min": 60,
										"max": 100
									}
								}
							},
							{
								"data": "2",
								"key": "minecraft:damage"
							},
							{
								"key": "minecraft:armor",
								"is_minified": true,
								"children": {
									"protection": 6
								}
							},
							{
								"key": "minecraft:wearable",
								"is_minified": true,
								"children": {
									"slot": "slot.armor.chest"
								}
							},
							{
								"key": "minecraft:icon",
								"is_minified": true,
								"children": {
									"texture": "ores_galaxy_chestplate"
								}
							},
							{
								"open": {
									"minecraft:max_stack_size": 1,
									"minecraft:enchantable": {
										"value": 9,
										"slot": "armor_torso"
									},
									"minecraft:damageable": {
										"max_damage": 240,
										"damage_chance": {
											"min": 60,
											"max": 100
										}
									},
									"minecraft:damage": 2,
									"minecraft:armor": {
										"protection": 6
									},
									"minecraft:wearable": {
										"slot": "slot.armor.chest"
									},
									"minecraft:icon": {
										"texture": "ores_galaxy_chestplate"
									},
									"minecraft:display_name": {
										"value": "Galaxy Chestplate DEVELOPER TESTING ONLY"
									}
								},
								"key": "minecraft:display_name",
								"is_minified": true,
								"children": {
									"value": "Galaxy Chestplate DEVELOPER TESTING ONLY"
								}
							}
						]
					}
				]
			}
		]
	}
}