{
	"file_path": "C:\\Users\\Jacob\\AppData\\Local\\Packages\\Microsoft.MinecraftUWP_8wekyb3d8bbwe\\LocalState\\games\\com.mojang\\development_behavior_packs\\Cave Enhancements BP\\items\\kyanite_pickaxe.json",
	"file_type": "item",
	"format_version": 1,
	"file_uuid": "976688c1_91a3_438d_88aa_4d549db089c6",
	"file_version": 21,
	"cache_content": {
		"children": [
			{
				"data": "1.16.100",
				"key": "format_version"
			},
			{
				"open": {
					"format_version": "1.16.100",
					"minecraft:item": {
						"description": {
							"identifier": "ores:kyanite_pickaxe",
							"category": "equipment"
						},
						"components": {
							"minecraft:max_stack_size": 1,
							"minecraft:hand_equipped": true,
							"minecraft:mining_speed": 1,
							"minecraft:damage": 2,
							"minecraft:enchantable": {
								"value": 5,
								"slot": "pickaxe"
							},
							"minecraft:digger": {
								"use_efficiency": true,
								"destroy_speeds": {
									"0": {
										"block": {
											"tags": "query.any_tag('stone', 'metal', 'diamond_pick_diggable')"
										},
										"speed": 7
									},
									"1": {
										"block": "minecraft:ice",
										"speed": 4
									},
									"2": {
										"block": "minecraft:sandstone",
										"speed": 4
									},
									"3": {
										"block": {
											"tags": "query.any_tag('ores:easy')"
										},
										"speed": 3000
									},
									"4": {
										"block": {
											"tags": "query.any_tag('ores:biomestone')"
										},
										"speed": 24
									},
									"5": {
										"block": {
											"tags": "query.any_tag('ores:medium')"
										},
										"speed": 1200
									},
									"6": {
										"block": {
											"tags": "query.any_tag('ores:hard')"
										},
										"speed": 400
									},
									"7": {
										"block": "minecraft:furnace",
										"speed": 7
									},
									"8": {
										"block": "minecraft:cobblestone",
										"speed": 7
									},
									"9": {
										"block": "minecraft:netherrack",
										"speed": 7
									},
									"10": {
										"block": "minecraft:quartz_ore",
										"speed": 7
									},
									"11": {
										"block": "minecraft:nether_gold_ore",
										"speed": 7
									},
									"12": {
										"block": "minecraft:stonecutter_block",
										"speed": 7
									},
									"13": {
										"block": "minecraft:dispenser",
										"speed": 7
									},
									"14": {
										"block": "minecraft:dropper",
										"speed": 7
									},
									"15": {
										"block": "minecraft:blast_furnace",
										"speed": 7
									},
									"16": {
										"block": "minecraft:lit_blast_furnace",
										"speed": 7
									},
									"17": {
										"block": "minecraft:nether_brick",
										"speed": 7
									},
									"18": {
										"block": "minecraft:observer",
										"speed": 7
									},
									"19": {
										"block": "minecraft:blackstone",
										"speed": 7
									},
									"20": {
										"block": "minecraft:piston",
										"speed": 7
									},
									"21": {
										"block": "minecraft:sticky_piston",
										"speed": 7
									},
									"22": {
										"block": "minecraft:end_stone",
										"speed": 7
									},
									"23": {
										"block": "minecraft:brewing_stand",
										"speed": 7
									},
									"7_copy": {
										"block": "minecraft:lit_furnace",
										"speed": 7
									},
									"8_copy": {
										"block": "minecraft:hopper",
										"speed": 7
									}
								}
							},
							"minecraft:durability": {
								"max_durability": 1900
							},
							"minecraft:icon": {
								"texture": "kyanitepickaxe"
							},
							"minecraft:display_name": {
								"value": "Kyanite Pickaxe"
							},
							"minecraft:creative_category": {
								"parent": "itemGroup.name.pickaxe"
							}
						}
					}
				},
				"key": "minecraft:item",
				"children": [
					{
						"open": {
							"description": {
								"identifier": "ores:kyanite_pickaxe",
								"category": "equipment"
							},
							"components": {
								"minecraft:max_stack_size": 1,
								"minecraft:hand_equipped": true,
								"minecraft:mining_speed": 1,
								"minecraft:damage": 2,
								"minecraft:enchantable": {
									"value": 5,
									"slot": "pickaxe"
								},
								"minecraft:digger": {
									"use_efficiency": true,
									"destroy_speeds": {
										"0": {
											"block": {
												"tags": "query.any_tag('stone', 'metal', 'diamond_pick_diggable')"
											},
											"speed": 7
										},
										"1": {
											"block": "minecraft:ice",
											"speed": 4
										},
										"2": {
											"block": "minecraft:sandstone",
											"speed": 4
										},
										"3": {
											"block": {
												"tags": "query.any_tag('ores:easy')"
											},
											"speed": 3000
										},
										"4": {
											"block": {
												"tags": "query.any_tag('ores:biomestone')"
											},
											"speed": 24
										},
										"5": {
											"block": {
												"tags": "query.any_tag('ores:medium')"
											},
											"speed": 1200
										},
										"6": {
											"block": {
												"tags": "query.any_tag('ores:hard')"
											},
											"speed": 400
										},
										"7": {
											"block": "minecraft:furnace",
											"speed": 7
										},
										"8": {
											"block": "minecraft:cobblestone",
											"speed": 7
										},
										"9": {
											"block": "minecraft:netherrack",
											"speed": 7
										},
										"10": {
											"block": "minecraft:quartz_ore",
											"speed": 7
										},
										"11": {
											"block": "minecraft:nether_gold_ore",
											"speed": 7
										},
										"12": {
											"block": "minecraft:stonecutter_block",
											"speed": 7
										},
										"13": {
											"block": "minecraft:dispenser",
											"speed": 7
										},
										"14": {
											"block": "minecraft:dropper",
											"speed": 7
										},
										"15": {
											"block": "minecraft:blast_furnace",
											"speed": 7
										},
										"16": {
											"block": "minecraft:lit_blast_furnace",
											"speed": 7
										},
										"17": {
											"block": "minecraft:nether_brick",
											"speed": 7
										},
										"18": {
											"block": "minecraft:observer",
											"speed": 7
										},
										"19": {
											"block": "minecraft:blackstone",
											"speed": 7
										},
										"20": {
											"block": "minecraft:piston",
											"speed": 7
										},
										"21": {
											"block": "minecraft:sticky_piston",
											"speed": 7
										},
										"22": {
											"block": "minecraft:end_stone",
											"speed": 7
										},
										"23": {
											"block": "minecraft:brewing_stand",
											"speed": 7
										},
										"7_copy": {
											"block": "minecraft:lit_furnace",
											"speed": 7
										},
										"8_copy": {
											"block": "minecraft:hopper",
											"speed": 7
										}
									}
								},
								"minecraft:durability": {
									"max_durability": 1900
								},
								"minecraft:icon": {
									"texture": "kyanitepickaxe"
								},
								"minecraft:display_name": {
									"value": "Kyanite Pickaxe"
								},
								"minecraft:creative_category": {
									"parent": "itemGroup.name.pickaxe"
								}
							}
						},
						"key": "description",
						"is_minified": true,
						"children": {
							"identifier": "ores:kyanite_pickaxe",
							"category": "equipment"
						}
					},
					{
						"open": {
							"description": {
								"identifier": "ores:kyanite_pickaxe",
								"category": "equipment"
							},
							"components": {
								"minecraft:max_stack_size": 1,
								"minecraft:hand_equipped": true,
								"minecraft:mining_speed": 1,
								"minecraft:damage": 2,
								"minecraft:enchantable": {
									"value": 5,
									"slot": "pickaxe"
								},
								"minecraft:digger": {
									"use_efficiency": true,
									"destroy_speeds": {
										"0": {
											"block": {
												"tags": "query.any_tag('stone', 'metal', 'diamond_pick_diggable')"
											},
											"speed": 7
										},
										"1": {
											"block": "minecraft:ice",
											"speed": 4
										},
										"2": {
											"block": "minecraft:sandstone",
											"speed": 4
										},
										"3": {
											"block": {
												"tags": "query.any_tag('ores:easy')"
											},
											"speed": 3000
										},
										"4": {
											"block": {
												"tags": "query.any_tag('ores:biomestone')"
											},
											"speed": 24
										},
										"5": {
											"block": {
												"tags": "query.any_tag('ores:medium')"
											},
											"speed": 1200
										},
										"6": {
											"block": {
												"tags": "query.any_tag('ores:hard')"
											},
											"speed": 400
										},
										"7": {
											"block": "minecraft:furnace",
											"speed": 7
										},
										"8": {
											"block": "minecraft:cobblestone",
											"speed": 7
										},
										"9": {
											"block": "minecraft:netherrack",
											"speed": 7
										},
										"10": {
											"block": "minecraft:quartz_ore",
											"speed": 7
										},
										"11": {
											"block": "minecraft:nether_gold_ore",
											"speed": 7
										},
										"12": {
											"block": "minecraft:stonecutter_block",
											"speed": 7
										},
										"13": {
											"block": "minecraft:dispenser",
											"speed": 7
										},
										"14": {
											"block": "minecraft:dropper",
											"speed": 7
										},
										"15": {
											"block": "minecraft:blast_furnace",
											"speed": 7
										},
										"16": {
											"block": "minecraft:lit_blast_furnace",
											"speed": 7
										},
										"17": {
											"block": "minecraft:nether_brick",
											"speed": 7
										},
										"18": {
											"block": "minecraft:observer",
											"speed": 7
										},
										"19": {
											"block": "minecraft:blackstone",
											"speed": 7
										},
										"20": {
											"block": "minecraft:piston",
											"speed": 7
										},
										"21": {
											"block": "minecraft:sticky_piston",
											"speed": 7
										},
										"22": {
											"block": "minecraft:end_stone",
											"speed": 7
										},
										"23": {
											"block": "minecraft:brewing_stand",
											"speed": 7
										},
										"7_copy": {
											"block": "minecraft:lit_furnace",
											"speed": 7
										},
										"8_copy": {
											"block": "minecraft:hopper",
											"speed": 7
										}
									}
								},
								"minecraft:durability": {
									"max_durability": 1900
								},
								"minecraft:icon": {
									"texture": "kyanitepickaxe"
								},
								"minecraft:display_name": {
									"value": "Kyanite Pickaxe"
								},
								"minecraft:creative_category": {
									"parent": "itemGroup.name.pickaxe"
								}
							}
						},
						"key": "components",
						"children": [
							{
								"data": "1",
								"key": "minecraft:max_stack_size"
							},
							{
								"data": "true",
								"key": "minecraft:hand_equipped"
							},
							{
								"data": "1",
								"key": "minecraft:mining_speed"
							},
							{
								"data": "2",
								"key": "minecraft:damage"
							},
							{
								"key": "minecraft:enchantable",
								"is_minified": true,
								"children": {
									"value": 5,
									"slot": "pickaxe"
								}
							},
							{
								"open": {
									"minecraft:max_stack_size": 1,
									"minecraft:hand_equipped": true,
									"minecraft:mining_speed": 1,
									"minecraft:damage": 2,
									"minecraft:enchantable": {
										"value": 5,
										"slot": "pickaxe"
									},
									"minecraft:digger": {
										"use_efficiency": true,
										"destroy_speeds": {
											"0": {
												"block": {
													"tags": "query.any_tag('stone', 'metal', 'diamond_pick_diggable')"
												},
												"speed": 7
											},
											"1": {
												"block": "minecraft:ice",
												"speed": 4
											},
											"2": {
												"block": "minecraft:sandstone",
												"speed": 4
											},
											"3": {
												"block": {
													"tags": "query.any_tag('ores:easy')"
												},
												"speed": 3000
											},
											"4": {
												"block": {
													"tags": "query.any_tag('ores:biomestone')"
												},
												"speed": 24
											},
											"5": {
												"block": {
													"tags": "query.any_tag('ores:medium')"
												},
												"speed": 1200
											},
											"6": {
												"block": {
													"tags": "query.any_tag('ores:hard')"
												},
												"speed": 400
											},
											"7": {
												"block": "minecraft:furnace",
												"speed": 7
											},
											"8": {
												"block": "minecraft:cobblestone",
												"speed": 7
											},
											"9": {
												"block": "minecraft:netherrack",
												"speed": 7
											},
											"10": {
												"block": "minecraft:quartz_ore",
												"speed": 7
											},
											"11": {
												"block": "minecraft:nether_gold_ore",
												"speed": 7
											},
											"12": {
												"block": "minecraft:stonecutter_block",
												"speed": 7
											},
											"13": {
												"block": "minecraft:dispenser",
												"speed": 7
											},
											"14": {
												"block": "minecraft:dropper",
												"speed": 7
											},
											"15": {
												"block": "minecraft:blast_furnace",
												"speed": 7
											},
											"16": {
												"block": "minecraft:lit_blast_furnace",
												"speed": 7
											},
											"17": {
												"block": "minecraft:nether_brick",
												"speed": 7
											},
											"18": {
												"block": "minecraft:observer",
												"speed": 7
											},
											"19": {
												"block": "minecraft:blackstone",
												"speed": 7
											},
											"20": {
												"block": "minecraft:piston",
												"speed": 7
											},
											"21": {
												"block": "minecraft:sticky_piston",
												"speed": 7
											},
											"22": {
												"block": "minecraft:end_stone",
												"speed": 7
											},
											"23": {
												"block": "minecraft:brewing_stand",
												"speed": 7
											},
											"7_copy": {
												"block": "minecraft:lit_furnace",
												"speed": 7
											},
											"8_copy": {
												"block": "minecraft:hopper",
												"speed": 7
											}
										}
									},
									"minecraft:durability": {
										"max_durability": 1900
									},
									"minecraft:icon": {
										"texture": "kyanitepickaxe"
									},
									"minecraft:display_name": {
										"value": "Kyanite Pickaxe"
									},
									"minecraft:creative_category": {
										"parent": "itemGroup.name.pickaxe"
									}
								},
								"key": "minecraft:digger",
								"children": [
									{
										"data": "true",
										"key": "use_efficiency"
									},
									{
										"open": {
											"use_efficiency": true,
											"destroy_speeds": {
												"0": {
													"block": {
														"tags": "query.any_tag('stone', 'metal', 'diamond_pick_diggable')"
													},
													"speed": 7
												},
												"1": {
													"block": "minecraft:ice",
													"speed": 4
												},
												"2": {
													"block": "minecraft:sandstone",
													"speed": 4
												},
												"3": {
													"block": {
														"tags": "query.any_tag('ores:easy')"
													},
													"speed": 3000
												},
												"4": {
													"block": {
														"tags": "query.any_tag('ores:biomestone')"
													},
													"speed": 24
												},
												"5": {
													"block": {
														"tags": "query.any_tag('ores:medium')"
													},
													"speed": 1200
												},
												"6": {
													"block": {
														"tags": "query.any_tag('ores:hard')"
													},
													"speed": 400
												},
												"7": {
													"block": "minecraft:furnace",
													"speed": 7
												},
												"8": {
													"block": "minecraft:cobblestone",
													"speed": 7
												},
												"9": {
													"block": "minecraft:netherrack",
													"speed": 7
												},
												"10": {
													"block": "minecraft:quartz_ore",
													"speed": 7
												},
												"11": {
													"block": "minecraft:nether_gold_ore",
													"speed": 7
												},
												"12": {
													"block": "minecraft:stonecutter_block",
													"speed": 7
												},
												"13": {
													"block": "minecraft:dispenser",
													"speed": 7
												},
												"14": {
													"block": "minecraft:dropper",
													"speed": 7
												},
												"15": {
													"block": "minecraft:blast_furnace",
													"speed": 7
												},
												"16": {
													"block": "minecraft:lit_blast_furnace",
													"speed": 7
												},
												"17": {
													"block": "minecraft:nether_brick",
													"speed": 7
												},
												"18": {
													"block": "minecraft:observer",
													"speed": 7
												},
												"19": {
													"block": "minecraft:blackstone",
													"speed": 7
												},
												"20": {
													"block": "minecraft:piston",
													"speed": 7
												},
												"21": {
													"block": "minecraft:sticky_piston",
													"speed": 7
												},
												"22": {
													"block": "minecraft:end_stone",
													"speed": 7
												},
												"23": {
													"block": "minecraft:brewing_stand",
													"speed": 7
												},
												"7_copy": {
													"block": "minecraft:lit_furnace",
													"speed": 7
												},
												"8_copy": {
													"block": "minecraft:hopper",
													"speed": 7
												}
											}
										},
										"key": "destroy_speeds",
										"children": [
											{
												"open": {
													"0": {
														"block": {
															"tags": "query.any_tag('stone', 'metal', 'diamond_pick_diggable')"
														},
														"speed": 7
													},
													"1": {
														"block": "minecraft:ice",
														"speed": 4
													},
													"2": {
														"block": "minecraft:sandstone",
														"speed": 4
													},
													"3": {
														"block": {
															"tags": "query.any_tag('ores:easy')"
														},
														"speed": 3000
													},
													"4": {
														"block": {
															"tags": "query.any_tag('ores:biomestone')"
														},
														"speed": 24
													},
													"5": {
														"block": {
															"tags": "query.any_tag('ores:medium')"
														},
														"speed": 1200
													},
													"6": {
														"block": {
															"tags": "query.any_tag('ores:hard')"
														},
														"speed": 400
													},
													"7": {
														"block": "minecraft:furnace",
														"speed": 7
													},
													"8": {
														"block": "minecraft:cobblestone",
														"speed": 7
													},
													"9": {
														"block": "minecraft:netherrack",
														"speed": 7
													},
													"10": {
														"block": "minecraft:quartz_ore",
														"speed": 7
													},
													"11": {
														"block": "minecraft:nether_gold_ore",
														"speed": 7
													},
													"12": {
														"block": "minecraft:stonecutter_block",
														"speed": 7
													},
													"13": {
														"block": "minecraft:dispenser",
														"speed": 7
													},
													"14": {
														"block": "minecraft:dropper",
														"speed": 7
													},
													"15": {
														"block": "minecraft:blast_furnace",
														"speed": 7
													},
													"16": {
														"block": "minecraft:lit_blast_furnace",
														"speed": 7
													},
													"17": {
														"block": "minecraft:nether_brick",
														"speed": 7
													},
													"18": {
														"block": "minecraft:observer",
														"speed": 7
													},
													"19": {
														"block": "minecraft:blackstone",
														"speed": 7
													},
													"20": {
														"block": "minecraft:piston",
														"speed": 7
													},
													"21": {
														"block": "minecraft:sticky_piston",
														"speed": 7
													},
													"22": {
														"block": "minecraft:end_stone",
														"speed": 7
													},
													"23": {
														"block": "minecraft:brewing_stand",
														"speed": 7
													},
													"7_copy": {
														"block": "minecraft:lit_furnace",
														"speed": 7
													},
													"8_copy": {
														"block": "minecraft:hopper",
														"speed": 7
													}
												},
												"key": "0",
												"children": [
													{
														"open": {
															"block": {
																"tags": "query.any_tag('stone', 'metal', 'diamond_pick_diggable')"
															},
															"speed": 7
														},
														"key": "block",
														"is_minified": true,
														"children": {
															"tags": "query.any_tag('stone', 'metal', 'diamond_pick_diggable')"
														}
													},
													{
														"data": "7",
														"key": "speed"
													}
												]
											},
											{
												"open": {
													"0": {
														"block": {
															"tags": "query.any_tag('stone', 'metal', 'diamond_pick_diggable')"
														},
														"speed": 7
													},
													"1": {
														"block": "minecraft:ice",
														"speed": 4
													},
													"2": {
														"block": "minecraft:sandstone",
														"speed": 4
													},
													"3": {
														"block": {
															"tags": "query.any_tag('ores:easy')"
														},
														"speed": 3000
													},
													"4": {
														"block": {
															"tags": "query.any_tag('ores:biomestone')"
														},
														"speed": 24
													},
													"5": {
														"block": {
															"tags": "query.any_tag('ores:medium')"
														},
														"speed": 1200
													},
													"6": {
														"block": {
															"tags": "query.any_tag('ores:hard')"
														},
														"speed": 400
													},
													"7": {
														"block": "minecraft:furnace",
														"speed": 7
													},
													"8": {
														"block": "minecraft:cobblestone",
														"speed": 7
													},
													"9": {
														"block": "minecraft:netherrack",
														"speed": 7
													},
													"10": {
														"block": "minecraft:quartz_ore",
														"speed": 7
													},
													"11": {
														"block": "minecraft:nether_gold_ore",
														"speed": 7
													},
													"12": {
														"block": "minecraft:stonecutter_block",
														"speed": 7
													},
													"13": {
														"block": "minecraft:dispenser",
														"speed": 7
													},
													"14": {
														"block": "minecraft:dropper",
														"speed": 7
													},
													"15": {
														"block": "minecraft:blast_furnace",
														"speed": 7
													},
													"16": {
														"block": "minecraft:lit_blast_furnace",
														"speed": 7
													},
													"17": {
														"block": "minecraft:nether_brick",
														"speed": 7
													},
													"18": {
														"block": "minecraft:observer",
														"speed": 7
													},
													"19": {
														"block": "minecraft:blackstone",
														"speed": 7
													},
													"20": {
														"block": "minecraft:piston",
														"speed": 7
													},
													"21": {
														"block": "minecraft:sticky_piston",
														"speed": 7
													},
													"22": {
														"block": "minecraft:end_stone",
														"speed": 7
													},
													"23": {
														"block": "minecraft:brewing_stand",
														"speed": 7
													},
													"7_copy": {
														"block": "minecraft:lit_furnace",
														"speed": 7
													},
													"8_copy": {
														"block": "minecraft:hopper",
														"speed": 7
													}
												},
												"key": "1",
												"is_minified": true,
												"children": {
													"block": "minecraft:ice",
													"speed": 4
												}
											},
											{
												"open": {
													"0": {
														"block": {
															"tags": "query.any_tag('stone', 'metal', 'diamond_pick_diggable')"
														},
														"speed": 7
													},
													"1": {
														"block": "minecraft:ice",
														"speed": 4
													},
													"2": {
														"block": "minecraft:sandstone",
														"speed": 4
													},
													"3": {
														"block": {
															"tags": "query.any_tag('ores:easy')"
														},
														"speed": 3000
													},
													"4": {
														"block": {
															"tags": "query.any_tag('ores:biomestone')"
														},
														"speed": 24
													},
													"5": {
														"block": {
															"tags": "query.any_tag('ores:medium')"
														},
														"speed": 1200
													},
													"6": {
														"block": {
															"tags": "query.any_tag('ores:hard')"
														},
														"speed": 400
													},
													"7": {
														"block": "minecraft:furnace",
														"speed": 7
													},
													"8": {
														"block": "minecraft:cobblestone",
														"speed": 7
													},
													"9": {
														"block": "minecraft:netherrack",
														"speed": 7
													},
													"10": {
														"block": "minecraft:quartz_ore",
														"speed": 7
													},
													"11": {
														"block": "minecraft:nether_gold_ore",
														"speed": 7
													},
													"12": {
														"block": "minecraft:stonecutter_block",
														"speed": 7
													},
													"13": {
														"block": "minecraft:dispenser",
														"speed": 7
													},
													"14": {
														"block": "minecraft:dropper",
														"speed": 7
													},
													"15": {
														"block": "minecraft:blast_furnace",
														"speed": 7
													},
													"16": {
														"block": "minecraft:lit_blast_furnace",
														"speed": 7
													},
													"17": {
														"block": "minecraft:nether_brick",
														"speed": 7
													},
													"18": {
														"block": "minecraft:observer",
														"speed": 7
													},
													"19": {
														"block": "minecraft:blackstone",
														"speed": 7
													},
													"20": {
														"block": "minecraft:piston",
														"speed": 7
													},
													"21": {
														"block": "minecraft:sticky_piston",
														"speed": 7
													},
													"22": {
														"block": "minecraft:end_stone",
														"speed": 7
													},
													"23": {
														"block": "minecraft:brewing_stand",
														"speed": 7
													},
													"7_copy": {
														"block": "minecraft:lit_furnace",
														"speed": 7
													},
													"8_copy": {
														"block": "minecraft:hopper",
														"speed": 7
													}
												},
												"key": "2",
												"is_minified": true,
												"children": {
													"block": "minecraft:sandstone",
													"speed": 4
												}
											},
											{
												"open": {
													"0": {
														"block": {
															"tags": "query.any_tag('stone', 'metal', 'diamond_pick_diggable')"
														},
														"speed": 7
													},
													"1": {
														"block": "minecraft:ice",
														"speed": 4
													},
													"2": {
														"block": "minecraft:sandstone",
														"speed": 4
													},
													"3": {
														"block": {
															"tags": "query.any_tag('ores:easy')"
														},
														"speed": 3000
													},
													"4": {
														"block": {
															"tags": "query.any_tag('ores:biomestone')"
														},
														"speed": 24
													},
													"5": {
														"block": {
															"tags": "query.any_tag('ores:medium')"
														},
														"speed": 1200
													},
													"6": {
														"block": {
															"tags": "query.any_tag('ores:hard')"
														},
														"speed": 400
													},
													"7": {
														"block": "minecraft:furnace",
														"speed": 7
													},
													"8": {
														"block": "minecraft:cobblestone",
														"speed": 7
													},
													"9": {
														"block": "minecraft:netherrack",
														"speed": 7
													},
													"10": {
														"block": "minecraft:quartz_ore",
														"speed": 7
													},
													"11": {
														"block": "minecraft:nether_gold_ore",
														"speed": 7
													},
													"12": {
														"block": "minecraft:stonecutter_block",
														"speed": 7
													},
													"13": {
														"block": "minecraft:dispenser",
														"speed": 7
													},
													"14": {
														"block": "minecraft:dropper",
														"speed": 7
													},
													"15": {
														"block": "minecraft:blast_furnace",
														"speed": 7
													},
													"16": {
														"block": "minecraft:lit_blast_furnace",
														"speed": 7
													},
													"17": {
														"block": "minecraft:nether_brick",
														"speed": 7
													},
													"18": {
														"block": "minecraft:observer",
														"speed": 7
													},
													"19": {
														"block": "minecraft:blackstone",
														"speed": 7
													},
													"20": {
														"block": "minecraft:piston",
														"speed": 7
													},
													"21": {
														"block": "minecraft:sticky_piston",
														"speed": 7
													},
													"22": {
														"block": "minecraft:end_stone",
														"speed": 7
													},
													"23": {
														"block": "minecraft:brewing_stand",
														"speed": 7
													},
													"7_copy": {
														"block": "minecraft:lit_furnace",
														"speed": 7
													},
													"8_copy": {
														"block": "minecraft:hopper",
														"speed": 7
													}
												},
												"key": "3",
												"children": [
													{
														"open": {
															"block": {
																"tags": "query.any_tag('ores:easy')"
															},
															"speed": 3000
														},
														"key": "block",
														"is_minified": true,
														"children": {
															"tags": "query.any_tag('ores:easy')"
														}
													},
													{
														"data": "3000",
														"key": "speed"
													}
												]
											},
											{
												"open": {
													"0": {
														"block": {
															"tags": "query.any_tag('stone', 'metal', 'diamond_pick_diggable')"
														},
														"speed": 7
													},
													"1": {
														"block": "minecraft:ice",
														"speed": 4
													},
													"2": {
														"block": "minecraft:sandstone",
														"speed": 4
													},
													"3": {
														"block": {
															"tags": "query.any_tag('ores:easy')"
														},
														"speed": 3000
													},
													"4": {
														"block": {
															"tags": "query.any_tag('ores:biomestone')"
														},
														"speed": 24
													},
													"5": {
														"block": {
															"tags": "query.any_tag('ores:medium')"
														},
														"speed": 1200
													},
													"6": {
														"block": {
															"tags": "query.any_tag('ores:hard')"
														},
														"speed": 400
													},
													"7": {
														"block": "minecraft:furnace",
														"speed": 7
													},
													"8": {
														"block": "minecraft:cobblestone",
														"speed": 7
													},
													"9": {
														"block": "minecraft:netherrack",
														"speed": 7
													},
													"10": {
														"block": "minecraft:quartz_ore",
														"speed": 7
													},
													"11": {
														"block": "minecraft:nether_gold_ore",
														"speed": 7
													},
													"12": {
														"block": "minecraft:stonecutter_block",
														"speed": 7
													},
													"13": {
														"block": "minecraft:dispenser",
														"speed": 7
													},
													"14": {
														"block": "minecraft:dropper",
														"speed": 7
													},
													"15": {
														"block": "minecraft:blast_furnace",
														"speed": 7
													},
													"16": {
														"block": "minecraft:lit_blast_furnace",
														"speed": 7
													},
													"17": {
														"block": "minecraft:nether_brick",
														"speed": 7
													},
													"18": {
														"block": "minecraft:observer",
														"speed": 7
													},
													"19": {
														"block": "minecraft:blackstone",
														"speed": 7
													},
													"20": {
														"block": "minecraft:piston",
														"speed": 7
													},
													"21": {
														"block": "minecraft:sticky_piston",
														"speed": 7
													},
													"22": {
														"block": "minecraft:end_stone",
														"speed": 7
													},
													"23": {
														"block": "minecraft:brewing_stand",
														"speed": 7
													},
													"7_copy": {
														"block": "minecraft:lit_furnace",
														"speed": 7
													},
													"8_copy": {
														"block": "minecraft:hopper",
														"speed": 7
													}
												},
												"key": "4",
												"children": [
													{
														"open": {
															"block": {
																"tags": "query.any_tag('ores:biomestone')"
															},
															"speed": 24
														},
														"key": "block",
														"is_minified": true,
														"children": {
															"tags": "query.any_tag('ores:biomestone')"
														}
													},
													{
														"data": "24",
														"key": "speed"
													}
												]
											},
											{
												"open": {
													"0": {
														"block": {
															"tags": "query.any_tag('stone', 'metal', 'diamond_pick_diggable')"
														},
														"speed": 7
													},
													"1": {
														"block": "minecraft:ice",
														"speed": 4
													},
													"2": {
														"block": "minecraft:sandstone",
														"speed": 4
													},
													"3": {
														"block": {
															"tags": "query.any_tag('ores:easy')"
														},
														"speed": 3000
													},
													"4": {
														"block": {
															"tags": "query.any_tag('ores:biomestone')"
														},
														"speed": 24
													},
													"5": {
														"block": {
															"tags": "query.any_tag('ores:medium')"
														},
														"speed": 1200
													},
													"6": {
														"block": {
															"tags": "query.any_tag('ores:hard')"
														},
														"speed": 400
													},
													"7": {
														"block": "minecraft:furnace",
														"speed": 7
													},
													"8": {
														"block": "minecraft:cobblestone",
														"speed": 7
													},
													"9": {
														"block": "minecraft:netherrack",
														"speed": 7
													},
													"10": {
														"block": "minecraft:quartz_ore",
														"speed": 7
													},
													"11": {
														"block": "minecraft:nether_gold_ore",
														"speed": 7
													},
													"12": {
														"block": "minecraft:stonecutter_block",
														"speed": 7
													},
													"13": {
														"block": "minecraft:dispenser",
														"speed": 7
													},
													"14": {
														"block": "minecraft:dropper",
														"speed": 7
													},
													"15": {
														"block": "minecraft:blast_furnace",
														"speed": 7
													},
													"16": {
														"block": "minecraft:lit_blast_furnace",
														"speed": 7
													},
													"17": {
														"block": "minecraft:nether_brick",
														"speed": 7
													},
													"18": {
														"block": "minecraft:observer",
														"speed": 7
													},
													"19": {
														"block": "minecraft:blackstone",
														"speed": 7
													},
													"20": {
														"block": "minecraft:piston",
														"speed": 7
													},
													"21": {
														"block": "minecraft:sticky_piston",
														"speed": 7
													},
													"22": {
														"block": "minecraft:end_stone",
														"speed": 7
													},
													"23": {
														"block": "minecraft:brewing_stand",
														"speed": 7
													},
													"7_copy": {
														"block": "minecraft:lit_furnace",
														"speed": 7
													},
													"8_copy": {
														"block": "minecraft:hopper",
														"speed": 7
													}
												},
												"key": "5",
												"children": [
													{
														"open": {
															"block": {
																"tags": "query.any_tag('ores:medium')"
															},
															"speed": 1200
														},
														"key": "block",
														"is_minified": true,
														"children": {
															"tags": "query.any_tag('ores:medium')"
														}
													},
													{
														"data": "1200",
														"key": "speed"
													}
												]
											},
											{
												"open": {
													"0": {
														"block": {
															"tags": "query.any_tag('stone', 'metal', 'diamond_pick_diggable')"
														},
														"speed": 7
													},
													"1": {
														"block": "minecraft:ice",
														"speed": 4
													},
													"2": {
														"block": "minecraft:sandstone",
														"speed": 4
													},
													"3": {
														"block": {
															"tags": "query.any_tag('ores:easy')"
														},
														"speed": 3000
													},
													"4": {
														"block": {
															"tags": "query.any_tag('ores:biomestone')"
														},
														"speed": 24
													},
													"5": {
														"block": {
															"tags": "query.any_tag('ores:medium')"
														},
														"speed": 1200
													},
													"6": {
														"block": {
															"tags": "query.any_tag('ores:hard')"
														},
														"speed": 400
													},
													"7": {
														"block": "minecraft:furnace",
														"speed": 7
													},
													"8": {
														"block": "minecraft:cobblestone",
														"speed": 7
													},
													"9": {
														"block": "minecraft:netherrack",
														"speed": 7
													},
													"10": {
														"block": "minecraft:quartz_ore",
														"speed": 7
													},
													"11": {
														"block": "minecraft:nether_gold_ore",
														"speed": 7
													},
													"12": {
														"block": "minecraft:stonecutter_block",
														"speed": 7
													},
													"13": {
														"block": "minecraft:dispenser",
														"speed": 7
													},
													"14": {
														"block": "minecraft:dropper",
														"speed": 7
													},
													"15": {
														"block": "minecraft:blast_furnace",
														"speed": 7
													},
													"16": {
														"block": "minecraft:lit_blast_furnace",
														"speed": 7
													},
													"17": {
														"block": "minecraft:nether_brick",
														"speed": 7
													},
													"18": {
														"block": "minecraft:observer",
														"speed": 7
													},
													"19": {
														"block": "minecraft:blackstone",
														"speed": 7
													},
													"20": {
														"block": "minecraft:piston",
														"speed": 7
													},
													"21": {
														"block": "minecraft:sticky_piston",
														"speed": 7
													},
													"22": {
														"block": "minecraft:end_stone",
														"speed": 7
													},
													"23": {
														"block": "minecraft:brewing_stand",
														"speed": 7
													},
													"7_copy": {
														"block": "minecraft:lit_furnace",
														"speed": 7
													},
													"8_copy": {
														"block": "minecraft:hopper",
														"speed": 7
													}
												},
												"key": "6",
												"children": [
													{
														"open": {
															"block": {
																"tags": "query.any_tag('ores:hard')"
															},
															"speed": 400
														},
														"key": "block",
														"is_minified": true,
														"children": {
															"tags": "query.any_tag('ores:hard')"
														}
													},
													{
														"data": "400",
														"key": "speed"
													}
												]
											},
											{
												"open": {
													"0": {
														"block": {
															"tags": "query.any_tag('stone', 'metal', 'diamond_pick_diggable')"
														},
														"speed": 7
													},
													"1": {
														"block": "minecraft:ice",
														"speed": 4
													},
													"2": {
														"block": "minecraft:sandstone",
														"speed": 4
													},
													"3": {
														"block": {
															"tags": "query.any_tag('ores:easy')"
														},
														"speed": 3000
													},
													"4": {
														"block": {
															"tags": "query.any_tag('ores:biomestone')"
														},
														"speed": 24
													},
													"5": {
														"block": {
															"tags": "query.any_tag('ores:medium')"
														},
														"speed": 1200
													},
													"6": {
														"block": {
															"tags": "query.any_tag('ores:hard')"
														},
														"speed": 400
													},
													"7": {
														"block": "minecraft:furnace",
														"speed": 7
													},
													"8": {
														"block": "minecraft:cobblestone",
														"speed": 7
													},
													"9": {
														"block": "minecraft:netherrack",
														"speed": 7
													},
													"10": {
														"block": "minecraft:quartz_ore",
														"speed": 7
													},
													"11": {
														"block": "minecraft:nether_gold_ore",
														"speed": 7
													},
													"12": {
														"block": "minecraft:stonecutter_block",
														"speed": 7
													},
													"13": {
														"block": "minecraft:dispenser",
														"speed": 7
													},
													"14": {
														"block": "minecraft:dropper",
														"speed": 7
													},
													"15": {
														"block": "minecraft:blast_furnace",
														"speed": 7
													},
													"16": {
														"block": "minecraft:lit_blast_furnace",
														"speed": 7
													},
													"17": {
														"block": "minecraft:nether_brick",
														"speed": 7
													},
													"18": {
														"block": "minecraft:observer",
														"speed": 7
													},
													"19": {
														"block": "minecraft:blackstone",
														"speed": 7
													},
													"20": {
														"block": "minecraft:piston",
														"speed": 7
													},
													"21": {
														"block": "minecraft:sticky_piston",
														"speed": 7
													},
													"22": {
														"block": "minecraft:end_stone",
														"speed": 7
													},
													"23": {
														"block": "minecraft:brewing_stand",
														"speed": 7
													},
													"7_copy": {
														"block": "minecraft:lit_furnace",
														"speed": 7
													},
													"8_copy": {
														"block": "minecraft:hopper",
														"speed": 7
													}
												},
												"key": "7",
												"is_minified": true,
												"children": {
													"block": "minecraft:furnace",
													"speed": 7
												}
											},
											{
												"open": {
													"0": {
														"block": {
															"tags": "query.any_tag('stone', 'metal', 'diamond_pick_diggable')"
														},
														"speed": 7
													},
													"1": {
														"block": "minecraft:ice",
														"speed": 4
													},
													"2": {
														"block": "minecraft:sandstone",
														"speed": 4
													},
													"3": {
														"block": {
															"tags": "query.any_tag('ores:easy')"
														},
														"speed": 3000
													},
													"4": {
														"block": {
															"tags": "query.any_tag('ores:biomestone')"
														},
														"speed": 24
													},
													"5": {
														"block": {
															"tags": "query.any_tag('ores:medium')"
														},
														"speed": 1200
													},
													"6": {
														"block": {
															"tags": "query.any_tag('ores:hard')"
														},
														"speed": 400
													},
													"7": {
														"block": "minecraft:furnace",
														"speed": 7
													},
													"8": {
														"block": "minecraft:cobblestone",
														"speed": 7
													},
													"9": {
														"block": "minecraft:netherrack",
														"speed": 7
													},
													"10": {
														"block": "minecraft:quartz_ore",
														"speed": 7
													},
													"11": {
														"block": "minecraft:nether_gold_ore",
														"speed": 7
													},
													"12": {
														"block": "minecraft:stonecutter_block",
														"speed": 7
													},
													"13": {
														"block": "minecraft:dispenser",
														"speed": 7
													},
													"14": {
														"block": "minecraft:dropper",
														"speed": 7
													},
													"15": {
														"block": "minecraft:blast_furnace",
														"speed": 7
													},
													"16": {
														"block": "minecraft:lit_blast_furnace",
														"speed": 7
													},
													"17": {
														"block": "minecraft:nether_brick",
														"speed": 7
													},
													"18": {
														"block": "minecraft:observer",
														"speed": 7
													},
													"19": {
														"block": "minecraft:blackstone",
														"speed": 7
													},
													"20": {
														"block": "minecraft:piston",
														"speed": 7
													},
													"21": {
														"block": "minecraft:sticky_piston",
														"speed": 7
													},
													"22": {
														"block": "minecraft:end_stone",
														"speed": 7
													},
													"23": {
														"block": "minecraft:brewing_stand",
														"speed": 7
													},
													"7_copy": {
														"block": "minecraft:lit_furnace",
														"speed": 7
													},
													"8_copy": {
														"block": "minecraft:hopper",
														"speed": 7
													}
												},
												"key": "8",
												"is_minified": true,
												"children": {
													"block": "minecraft:cobblestone",
													"speed": 7
												}
											},
											{
												"key": "7_copy",
												"is_minified": true,
												"children": {
													"block": "minecraft:lit_furnace",
													"speed": 7
												}
											},
											{
												"key": "8_copy",
												"is_minified": true,
												"children": {
													"block": "minecraft:hopper",
													"speed": 7
												}
											},
											{
												"key": "9",
												"is_minified": true,
												"children": {
													"block": "minecraft:netherrack",
													"speed": 7
												}
											},
											{
												"key": "10",
												"is_minified": true,
												"children": {
													"block": "minecraft:quartz_ore",
													"speed": 7
												}
											},
											{
												"key": "11",
												"is_minified": true,
												"children": {
													"block": "minecraft:nether_gold_ore",
													"speed": 7
												}
											},
											{
												"key": "12",
												"is_minified": true,
												"children": {
													"block": "minecraft:stonecutter_block",
													"speed": 7
												}
											},
											{
												"key": "13",
												"is_minified": true,
												"children": {
													"block": "minecraft:dispenser",
													"speed": 7
												}
											},
											{
												"key": "14",
												"is_minified": true,
												"children": {
													"block": "minecraft:dropper",
													"speed": 7
												}
											},
											{
												"key": "15",
												"is_minified": true,
												"children": {
													"block": "minecraft:blast_furnace",
													"speed": 7
												}
											},
											{
												"key": "16",
												"is_minified": true,
												"children": {
													"block": "minecraft:lit_blast_furnace",
													"speed": 7
												}
											},
											{
												"key": "17",
												"is_minified": true,
												"children": {
													"block": "minecraft:nether_brick",
													"speed": 7
												}
											},
											{
												"key": "18",
												"is_minified": true,
												"children": {
													"block": "minecraft:observer",
													"speed": 7
												}
											},
											{
												"key": "19",
												"is_minified": true,
												"children": {
													"block": "minecraft:blackstone",
													"speed": 7
												}
											},
											{
												"key": "20",
												"is_minified": true,
												"children": {
													"block": "minecraft:piston",
													"speed": 7
												}
											},
											{
												"key": "21",
												"is_minified": true,
												"children": {
													"block": "minecraft:sticky_piston",
													"speed": 7
												}
											},
											{
												"key": "22",
												"is_minified": true,
												"children": {
													"block": "minecraft:end_stone",
													"speed": 7
												}
											},
											{
												"key": "23",
												"is_minified": true,
												"children": {
													"block": "minecraft:brewing_stand",
													"speed": 7
												}
											}
										]
									}
								]
							},
							{
								"open": {
									"minecraft:max_stack_size": 1,
									"minecraft:hand_equipped": true,
									"minecraft:mining_speed": 1,
									"minecraft:damage": 2,
									"minecraft:enchantable": {
										"value": 5,
										"slot": "pickaxe"
									},
									"minecraft:digger": {
										"use_efficiency": true,
										"destroy_speeds": {
											"0": {
												"block": {
													"tags": "query.any_tag('stone', 'metal', 'diamond_pick_diggable')"
												},
												"speed": 7
											},
											"1": {
												"block": "minecraft:ice",
												"speed": 4
											},
											"2": {
												"block": "minecraft:sandstone",
												"speed": 4
											},
											"3": {
												"block": {
													"tags": "query.any_tag('ores:easy')"
												},
												"speed": 3000
											},
											"4": {
												"block": {
													"tags": "query.any_tag('ores:biomestone')"
												},
												"speed": 24
											},
											"5": {
												"block": {
													"tags": "query.any_tag('ores:medium')"
												},
												"speed": 1200
											},
											"6": {
												"block": {
													"tags": "query.any_tag('ores:hard')"
												},
												"speed": 400
											},
											"7": {
												"block": "minecraft:furnace",
												"speed": 7
											},
											"8": {
												"block": "minecraft:cobblestone",
												"speed": 7
											},
											"9": {
												"block": "minecraft:netherrack",
												"speed": 7
											},
											"10": {
												"block": "minecraft:quartz_ore",
												"speed": 7
											},
											"11": {
												"block": "minecraft:nether_gold_ore",
												"speed": 7
											},
											"12": {
												"block": "minecraft:stonecutter_block",
												"speed": 7
											},
											"13": {
												"block": "minecraft:dispenser",
												"speed": 7
											},
											"14": {
												"block": "minecraft:dropper",
												"speed": 7
											},
											"15": {
												"block": "minecraft:blast_furnace",
												"speed": 7
											},
											"16": {
												"block": "minecraft:lit_blast_furnace",
												"speed": 7
											},
											"17": {
												"block": "minecraft:nether_brick",
												"speed": 7
											},
											"18": {
												"block": "minecraft:observer",
												"speed": 7
											},
											"19": {
												"block": "minecraft:blackstone",
												"speed": 7
											},
											"20": {
												"block": "minecraft:piston",
												"speed": 7
											},
											"21": {
												"block": "minecraft:sticky_piston",
												"speed": 7
											},
											"22": {
												"block": "minecraft:end_stone",
												"speed": 7
											},
											"23": {
												"block": "minecraft:brewing_stand",
												"speed": 7
											},
											"7_copy": {
												"block": "minecraft:lit_furnace",
												"speed": 7
											},
											"8_copy": {
												"block": "minecraft:hopper",
												"speed": 7
											}
										}
									},
									"minecraft:durability": {
										"max_durability": 1900
									},
									"minecraft:icon": {
										"texture": "kyanitepickaxe"
									},
									"minecraft:display_name": {
										"value": "Kyanite Pickaxe"
									},
									"minecraft:creative_category": {
										"parent": "itemGroup.name.pickaxe"
									}
								},
								"key": "minecraft:durability",
								"is_minified": true,
								"children": {
									"max_durability": 1900
								}
							},
							{
								"open": {
									"minecraft:max_stack_size": 1,
									"minecraft:hand_equipped": true,
									"minecraft:mining_speed": 1,
									"minecraft:damage": 2,
									"minecraft:enchantable": {
										"value": 5,
										"slot": "pickaxe"
									},
									"minecraft:digger": {
										"use_efficiency": true,
										"destroy_speeds": {
											"0": {
												"block": {
													"tags": "query.any_tag('stone', 'metal', 'diamond_pick_diggable')"
												},
												"speed": 7
											},
											"1": {
												"block": "minecraft:ice",
												"speed": 4
											},
											"2": {
												"block": "minecraft:sandstone",
												"speed": 4
											},
											"3": {
												"block": {
													"tags": "query.any_tag('ores:easy')"
												},
												"speed": 3000
											},
											"4": {
												"block": {
													"tags": "query.any_tag('ores:biomestone')"
												},
												"speed": 24
											},
											"5": {
												"block": {
													"tags": "query.any_tag('ores:medium')"
												},
												"speed": 1200
											},
											"6": {
												"block": {
													"tags": "query.any_tag('ores:hard')"
												},
												"speed": 400
											},
											"7": {
												"block": "minecraft:furnace",
												"speed": 7
											},
											"8": {
												"block": "minecraft:cobblestone",
												"speed": 7
											},
											"9": {
												"block": "minecraft:netherrack",
												"speed": 7
											},
											"10": {
												"block": "minecraft:quartz_ore",
												"speed": 7
											},
											"11": {
												"block": "minecraft:nether_gold_ore",
												"speed": 7
											},
											"12": {
												"block": "minecraft:stonecutter_block",
												"speed": 7
											},
											"13": {
												"block": "minecraft:dispenser",
												"speed": 7
											},
											"14": {
												"block": "minecraft:dropper",
												"speed": 7
											},
											"15": {
												"block": "minecraft:blast_furnace",
												"speed": 7
											},
											"16": {
												"block": "minecraft:lit_blast_furnace",
												"speed": 7
											},
											"17": {
												"block": "minecraft:nether_brick",
												"speed": 7
											},
											"18": {
												"block": "minecraft:observer",
												"speed": 7
											},
											"19": {
												"block": "minecraft:blackstone",
												"speed": 7
											},
											"20": {
												"block": "minecraft:piston",
												"speed": 7
											},
											"21": {
												"block": "minecraft:sticky_piston",
												"speed": 7
											},
											"22": {
												"block": "minecraft:end_stone",
												"speed": 7
											},
											"23": {
												"block": "minecraft:brewing_stand",
												"speed": 7
											},
											"7_copy": {
												"block": "minecraft:lit_furnace",
												"speed": 7
											},
											"8_copy": {
												"block": "minecraft:hopper",
												"speed": 7
											}
										}
									},
									"minecraft:durability": {
										"max_durability": 1900
									},
									"minecraft:icon": {
										"texture": "kyanitepickaxe"
									},
									"minecraft:display_name": {
										"value": "Kyanite Pickaxe"
									},
									"minecraft:creative_category": {
										"parent": "itemGroup.name.pickaxe"
									}
								},
								"key": "minecraft:icon",
								"is_minified": true,
								"children": {
									"texture": "kyanitepickaxe"
								}
							},
							{
								"open": {
									"minecraft:max_stack_size": 1,
									"minecraft:hand_equipped": true,
									"minecraft:mining_speed": 1,
									"minecraft:damage": 2,
									"minecraft:enchantable": {
										"value": 5,
										"slot": "pickaxe"
									},
									"minecraft:digger": {
										"use_efficiency": true,
										"destroy_speeds": {
											"0": {
												"block": {
													"tags": "query.any_tag('stone', 'metal', 'diamond_pick_diggable')"
												},
												"speed": 7
											},
											"1": {
												"block": "minecraft:ice",
												"speed": 4
											},
											"2": {
												"block": "minecraft:sandstone",
												"speed": 4
											},
											"3": {
												"block": {
													"tags": "query.any_tag('ores:easy')"
												},
												"speed": 3000
											},
											"4": {
												"block": {
													"tags": "query.any_tag('ores:biomestone')"
												},
												"speed": 24
											},
											"5": {
												"block": {
													"tags": "query.any_tag('ores:medium')"
												},
												"speed": 1200
											},
											"6": {
												"block": {
													"tags": "query.any_tag('ores:hard')"
												},
												"speed": 400
											},
											"7": {
												"block": "minecraft:furnace",
												"speed": 7
											},
											"8": {
												"block": "minecraft:cobblestone",
												"speed": 7
											},
											"9": {
												"block": "minecraft:netherrack",
												"speed": 7
											},
											"10": {
												"block": "minecraft:quartz_ore",
												"speed": 7
											},
											"11": {
												"block": "minecraft:nether_gold_ore",
												"speed": 7
											},
											"12": {
												"block": "minecraft:stonecutter_block",
												"speed": 7
											},
											"13": {
												"block": "minecraft:dispenser",
												"speed": 7
											},
											"14": {
												"block": "minecraft:dropper",
												"speed": 7
											},
											"15": {
												"block": "minecraft:blast_furnace",
												"speed": 7
											},
											"16": {
												"block": "minecraft:lit_blast_furnace",
												"speed": 7
											},
											"17": {
												"block": "minecraft:nether_brick",
												"speed": 7
											},
											"18": {
												"block": "minecraft:observer",
												"speed": 7
											},
											"19": {
												"block": "minecraft:blackstone",
												"speed": 7
											},
											"20": {
												"block": "minecraft:piston",
												"speed": 7
											},
											"21": {
												"block": "minecraft:sticky_piston",
												"speed": 7
											},
											"22": {
												"block": "minecraft:end_stone",
												"speed": 7
											},
											"23": {
												"block": "minecraft:brewing_stand",
												"speed": 7
											},
											"7_copy": {
												"block": "minecraft:lit_furnace",
												"speed": 7
											},
											"8_copy": {
												"block": "minecraft:hopper",
												"speed": 7
											}
										}
									},
									"minecraft:durability": {
										"max_durability": 1900
									},
									"minecraft:icon": {
										"texture": "kyanitepickaxe"
									},
									"minecraft:display_name": {
										"value": "Kyanite Pickaxe"
									},
									"minecraft:creative_category": {
										"parent": "itemGroup.name.pickaxe"
									}
								},
								"key": "minecraft:display_name",
								"is_minified": true,
								"children": {
									"value": "Kyanite Pickaxe"
								}
							},
							{
								"key": "minecraft:creative_category",
								"is_minified": true,
								"children": {
									"parent": "itemGroup.name.pickaxe"
								}
							}
						]
					}
				]
			}
		]
	}
}