{
	"file_path": "C:\\Users\\Jacob\\AppData\\Local\\Packages\\Microsoft.MinecraftUWP_8wekyb3d8bbwe\\LocalState\\games\\com.mojang\\development_behavior_packs\\Ore Generation Public Test 1\\items\\mica_sickle.json",
	"file_type": "item",
	"format_version": 1,
	"file_uuid": "8ae4781d_2d58_4c49_8027_1ccdbfaa645a",
	"file_version": 9,
	"cache_content": {
		"children": [
			{
				"data": "1.16.100",
				"key": "format_version"
			},
			{
				"open": {
					"format_version": "1.16.100",
					"minecraft:item": {
						"description": {
							"identifier": "ores:mica_sickle",
							"category": "equipment"
						},
						"components": {
							"minecraft:max_stack_size": 1,
							"minecraft:hand_equipped": true,
							"minecraft:stacked_by_data": true,
							"minecraft:enchantable": {
								"slot": "sword",
								"value": 10
							},
							"minecraft:durability": {
								"max_durability": 4800
							},
							"minecraft:icon": {
								"texture": "micasickle"
							},
							"minecraft:damage": 4.5,
							"minecraft:display_name": {
								"value": "Mica Sickle §14.5 Damage"
							},
							"minecraft:creative_category": {
								"parent": "itemGroup.name.sword"
							}
						}
					}
				},
				"key": "minecraft:item",
				"children": [
					{
						"key": "description",
						"is_minified": true,
						"children": {
							"identifier": "ores:mica_sickle",
							"category": "equipment"
						}
					},
					{
						"open": {
							"description": {
								"identifier": "ores:mica_sickle",
								"category": "equipment"
							},
							"components": {
								"minecraft:max_stack_size": 1,
								"minecraft:hand_equipped": true,
								"minecraft:stacked_by_data": true,
								"minecraft:enchantable": {
									"slot": "sword",
									"value": 10
								},
								"minecraft:durability": {
									"max_durability": 4800
								},
								"minecraft:icon": {
									"texture": "micasickle"
								},
								"minecraft:damage": 4.5,
								"minecraft:display_name": {
									"value": "Mica Sickle §14.5 Damage"
								},
								"minecraft:creative_category": {
									"parent": "itemGroup.name.sword"
								}
							}
						},
						"key": "components",
						"children": [
							{
								"data": "1",
								"key": "minecraft:max_stack_size"
							},
							{
								"data": "true",
								"key": "minecraft:hand_equipped"
							},
							{
								"data": "true",
								"key": "minecraft:stacked_by_data"
							},
							{
								"key": "minecraft:enchantable",
								"is_minified": true,
								"children": {
									"slot": "sword",
									"value": 10
								}
							},
							{
								"open": {
									"minecraft:max_stack_size": 1,
									"minecraft:hand_equipped": true,
									"minecraft:stacked_by_data": true,
									"minecraft:enchantable": {
										"slot": "sword",
										"value": 10
									},
									"minecraft:durability": {
										"max_durability": 4800
									},
									"minecraft:icon": {
										"texture": "micasickle"
									},
									"minecraft:damage": 4.5,
									"minecraft:display_name": {
										"value": "Mica Sickle §14.5 Damage"
									},
									"minecraft:creative_category": {
										"parent": "itemGroup.name.sword"
									}
								},
								"key": "minecraft:durability",
								"is_minified": true,
								"children": {
									"max_durability": 4800
								}
							},
							{
								"key": "minecraft:icon",
								"is_minified": true,
								"children": {
									"texture": "micasickle"
								}
							},
							{
								"data": "4.5",
								"key": "minecraft:damage"
							},
							{
								"open": {
									"minecraft:max_stack_size": 1,
									"minecraft:hand_equipped": true,
									"minecraft:stacked_by_data": true,
									"minecraft:enchantable": {
										"slot": "sword",
										"value": 10
									},
									"minecraft:durability": {
										"max_durability": 4800
									},
									"minecraft:icon": {
										"texture": "micasickle"
									},
									"minecraft:damage": 4.5,
									"minecraft:display_name": {
										"value": "Mica Sickle §14.5 Damage"
									},
									"minecraft:creative_category": {
										"parent": "itemGroup.name.sword"
									}
								},
								"key": "minecraft:display_name",
								"is_minified": true,
								"children": {
									"value": "Mica Sickle §14.5 Damage"
								}
							},
							{
								"key": "minecraft:creative_category",
								"is_minified": true,
								"children": {
									"parent": "itemGroup.name.sword"
								}
							}
						]
					}
				]
			}
		]
	}
}