{
	"file_path": "C:\\Users\\Jacob\\AppData\\Local\\Packages\\Microsoft.MinecraftUWP_8wekyb3d8bbwe\\LocalState\\games\\com.mojang\\development_behavior_packs\\Ore Generation Public Test 1\\items\\mica_apple.json",
	"file_type": "item",
	"format_version": 1,
	"file_uuid": "620a9797_db57_4431_aba3_97014af53786",
	"file_version": 6,
	"cache_content": {
		"children": [
			{
				"data": "1.16.100",
				"key": "format_version"
			},
			{
				"open": {
					"format_version": "1.16.100",
					"minecraft:item": {
						"description": {
							"identifier": "ores:mica_apple",
							"category": "nature"
						},
						"components": {
							"minecraft:stacked_by_data": true,
							"minecraft:use_duration": 1.6,
							"minecraft:foil": false,
							"minecraft:food": {
								"nutrition": 4,
								"saturation_modifier": "supernatural",
								"can_always_eat": true,
								"on_consume": {
									"event": "m",
									"target": "self"
								}
							},
							"minecraft:icon": {
								"texture": "micaapple"
							},
							"minecraft:use_animation": "eat",
							"minecraft:display_name": {
								"value": "Mica Apple"
							}
						},
						"events": {
							"m": {
								"sequence": [
									{
										"add_mob_effect": {
											"effect": "absorption",
											"target": "holder",
											"duration": 300,
											"amplifier": 3
										}
									}
								]
							}
						}
					}
				},
				"key": "minecraft:item",
				"children": [
					{
						"key": "description",
						"is_minified": true,
						"children": {
							"identifier": "ores:mica_apple",
							"category": "nature"
						}
					},
					{
						"open": {
							"description": {
								"identifier": "ores:mica_apple",
								"category": "nature"
							},
							"components": {
								"minecraft:stacked_by_data": true,
								"minecraft:use_duration": 1.6,
								"minecraft:foil": false,
								"minecraft:food": {
									"nutrition": 4,
									"saturation_modifier": "supernatural",
									"can_always_eat": true,
									"on_consume": {
										"event": "m",
										"target": "self"
									}
								},
								"minecraft:icon": {
									"texture": "micaapple"
								},
								"minecraft:use_animation": "eat",
								"minecraft:display_name": {
									"value": "Mica Apple"
								}
							},
							"events": {
								"m": {
									"sequence": [
										{
											"add_mob_effect": {
												"effect": "absorption",
												"target": "holder",
												"duration": 300,
												"amplifier": 3
											}
										}
									]
								}
							}
						},
						"key": "components",
						"children": [
							{
								"data": "true",
								"key": "minecraft:stacked_by_data"
							},
							{
								"data": "1.6",
								"key": "minecraft:use_duration"
							},
							{
								"data": "false",
								"key": "minecraft:foil"
							},
							{
								"key": "minecraft:food",
								"is_minified": true,
								"children": {
									"nutrition": 4,
									"saturation_modifier": "supernatural",
									"can_always_eat": true,
									"on_consume": {
										"event": "m",
										"target": "self"
									}
								}
							},
							{
								"key": "minecraft:icon",
								"is_minified": true,
								"children": {
									"texture": "micaapple"
								}
							},
							{
								"data": "eat",
								"key": "minecraft:use_animation"
							},
							{
								"open": {
									"minecraft:stacked_by_data": true,
									"minecraft:use_duration": 1.6,
									"minecraft:foil": false,
									"minecraft:food": {
										"nutrition": 4,
										"saturation_modifier": "supernatural",
										"can_always_eat": true,
										"on_consume": {
											"event": "m",
											"target": "self"
										}
									},
									"minecraft:icon": {
										"texture": "micaapple"
									},
									"minecraft:use_animation": "eat",
									"minecraft:display_name": {
										"value": "Mica Apple"
									}
								},
								"key": "minecraft:display_name",
								"is_minified": true,
								"children": {
									"value": "Mica Apple"
								}
							}
						]
					},
					{
						"key": "events",
						"is_minified": true,
						"children": {
							"m": {
								"sequence": [
									{
										"add_mob_effect": {
											"effect": "absorption",
											"target": "holder",
											"duration": 300,
											"amplifier": 3
										}
									}
								]
							}
						}
					}
				]
			}
		]
	}
}