{
	"file_path": "C:\\Users\\Jacob\\AppData\\Local\\Packages\\Microsoft.MinecraftUWP_8wekyb3d8bbwe\\LocalState\\games\\com.mojang\\development_behavior_packs\\Ore Generation Public Test 1\\items\\mud.json",
	"file_type": "item",
	"format_version": 1,
	"file_uuid": "0450370f_0e1e_459a_8a0b_e28a127a6acd",
	"file_version": 5,
	"cache_content": {
		"children": [
			{
				"data": "1.16.100",
				"key": "format_version"
			},
			{
				"open": {
					"format_version": "1.16.100",
					"minecraft:item": {
						"description": {
							"identifier": "ores:mud",
							"category": "items"
						},
						"components": {
							"minecraft:max_stack_size": 64,
							"minecraft:hand_equipped": false,
							"minecraft:stacked_by_data": true,
							"minecraft:icon": {
								"texture": "mud"
							},
							"minecraft:display_name": {
								"value": "Mud"
							}
						}
					}
				},
				"key": "minecraft:item",
				"children": [
					{
						"key": "description",
						"is_minified": true,
						"children": {
							"identifier": "ores:mud",
							"category": "items"
						}
					},
					{
						"open": {
							"description": {
								"identifier": "ores:mud",
								"category": "items"
							},
							"components": {
								"minecraft:max_stack_size": 64,
								"minecraft:hand_equipped": false,
								"minecraft:stacked_by_data": true,
								"minecraft:icon": {
									"texture": "mud"
								},
								"minecraft:display_name": {
									"value": "Mud"
								}
							}
						},
						"key": "components",
						"children": [
							{
								"data": "64",
								"key": "minecraft:max_stack_size"
							},
							{
								"data": "false",
								"key": "minecraft:hand_equipped"
							},
							{
								"data": "true",
								"key": "minecraft:stacked_by_data"
							},
							{
								"key": "minecraft:icon",
								"is_minified": true,
								"children": {
									"texture": "mud"
								}
							},
							{
								"open": {
									"minecraft:max_stack_size": 64,
									"minecraft:hand_equipped": false,
									"minecraft:stacked_by_data": true,
									"minecraft:icon": {
										"texture": "mud"
									},
									"minecraft:display_name": {
										"value": "Mud"
									}
								},
								"key": "minecraft:display_name",
								"is_minified": true,
								"children": {
									"value": "Mud"
								}
							}
						]
					}
				]
			}
		]
	}
}