{
	"file_path": "C:\\Users\\Jacob\\AppData\\Local\\Packages\\Microsoft.MinecraftUWP_8wekyb3d8bbwe\\LocalState\\games\\com.mojang\\development_behavior_packs\\Ore Generation Public Test 1\\items\\prolinite_apple.json",
	"file_type": "item",
	"format_version": 1,
	"file_uuid": "4d3e6f46_2723_42a9_bfe2_4640c599eca8",
	"file_version": 1,
	"cache_content": {
		"children": [
			{
				"data": "1.16.100",
				"key": "format_version"
			},
			{
				"open": {
					"format_version": "1.16.100",
					"minecraft:item": {
						"description": {
							"identifier": "ores:prolinite_apple",
							"category": "nature"
						},
						"components": {
							"minecraft:stacked_by_data": true,
							"minecraft:use_duration": 1.6,
							"minecraft:foil": false,
							"minecraft:food": {
								"nutrition": 4,
								"saturation_modifier": "supernatural",
								"can_always_eat": true,
								"on_consume": {
									"event": "consumed",
									"target": "self"
								}
							},
							"minecraft:use_animation": "eat",
							"minecraft:icon": {
								"texture": "proliniteapple"
							},
							"minecraft:display_name": {
								"value": "Prolinite Apple"
							}
						},
						"events": {
							"consumed": {
								"sequence": [
									{
										"add_mob_effect": {
											"effect": "regeneration",
											"duration": 300,
											"amplifier": 2,
											"target": "holder"
										}
									},
									{
										"add_mob_effect": {
											"effect": "instant_health",
											"duration": 3,
											"amplifier": 6,
											"target": "holder"
										}
									}
								]
							}
						}
					}
				},
				"key": "minecraft:item",
				"children": [
					{
						"open": {
							"description": {
								"identifier": "ores:prolinite_apple",
								"category": "nature"
							},
							"components": {
								"minecraft:stacked_by_data": true,
								"minecraft:use_duration": 1.6,
								"minecraft:foil": false,
								"minecraft:food": {
									"nutrition": 4,
									"saturation_modifier": "supernatural",
									"can_always_eat": true,
									"on_consume": {
										"event": "consumed",
										"target": "self"
									}
								},
								"minecraft:use_animation": "eat",
								"minecraft:icon": {
									"texture": "proliniteapple"
								},
								"minecraft:display_name": {
									"value": "Prolinite Apple"
								}
							},
							"events": {
								"consumed": {
									"sequence": [
										{
											"add_mob_effect": {
												"effect": "regeneration",
												"duration": 300,
												"amplifier": 2,
												"target": "holder"
											}
										},
										{
											"add_mob_effect": {
												"effect": "instant_health",
												"duration": 3,
												"amplifier": 6,
												"target": "holder"
											}
										}
									]
								}
							}
						},
						"key": "description",
						"is_minified": true,
						"children": {
							"identifier": "ores:prolinite_apple",
							"category": "nature"
						}
					},
					{
						"open": {
							"description": {
								"identifier": "ores:prolinite_apple",
								"category": "nature"
							},
							"components": {
								"minecraft:stacked_by_data": true,
								"minecraft:use_duration": 1.6,
								"minecraft:foil": false,
								"minecraft:food": {
									"nutrition": 4,
									"saturation_modifier": "supernatural",
									"can_always_eat": true,
									"on_consume": {
										"event": "consumed",
										"target": "self"
									}
								},
								"minecraft:use_animation": "eat",
								"minecraft:icon": {
									"texture": "proliniteapple"
								},
								"minecraft:display_name": {
									"value": "Prolinite Apple"
								}
							},
							"events": {
								"consumed": {
									"sequence": [
										{
											"add_mob_effect": {
												"effect": "regeneration",
												"duration": 300,
												"amplifier": 2,
												"target": "holder"
											}
										},
										{
											"add_mob_effect": {
												"effect": "instant_health",
												"duration": 3,
												"amplifier": 6,
												"target": "holder"
											}
										}
									]
								}
							}
						},
						"key": "components",
						"children": [
							{
								"data": "true",
								"key": "minecraft:stacked_by_data"
							},
							{
								"data": "1.6",
								"key": "minecraft:use_duration"
							},
							{
								"data": "false",
								"key": "minecraft:foil"
							},
							{
								"key": "minecraft:food",
								"is_minified": true,
								"children": {
									"nutrition": 4,
									"saturation_modifier": "supernatural",
									"can_always_eat": true,
									"on_consume": {
										"event": "consumed",
										"target": "self"
									}
								}
							},
							{
								"data": "eat",
								"key": "minecraft:use_animation"
							},
							{
								"key": "minecraft:icon",
								"is_minified": true,
								"children": {
									"texture": "proliniteapple"
								}
							},
							{
								"open": {
									"minecraft:stacked_by_data": true,
									"minecraft:use_duration": 1.6,
									"minecraft:foil": false,
									"minecraft:food": {
										"nutrition": 4,
										"saturation_modifier": "supernatural",
										"can_always_eat": true,
										"on_consume": {
											"event": "consumed",
											"target": "self"
										}
									},
									"minecraft:use_animation": "eat",
									"minecraft:icon": {
										"texture": "proliniteapple"
									},
									"minecraft:display_name": {
										"value": "Prolinite Apple"
									}
								},
								"key": "minecraft:display_name",
								"is_minified": true,
								"children": {
									"value": "Prolinite Apple"
								}
							}
						]
					},
					{
						"open": {
							"description": {
								"identifier": "ores:prolinite_apple",
								"category": "nature"
							},
							"components": {
								"minecraft:stacked_by_data": true,
								"minecraft:use_duration": 1.6,
								"minecraft:foil": false,
								"minecraft:food": {
									"nutrition": 4,
									"saturation_modifier": "supernatural",
									"can_always_eat": true,
									"on_consume": {
										"event": "consumed",
										"target": "self"
									}
								},
								"minecraft:use_animation": "eat",
								"minecraft:icon": {
									"texture": "proliniteapple"
								},
								"minecraft:display_name": {
									"value": "Prolinite Apple"
								}
							},
							"events": {
								"consumed": {
									"sequence": [
										{
											"add_mob_effect": {
												"effect": "regeneration",
												"duration": 300,
												"amplifier": 2,
												"target": "holder"
											}
										},
										{
											"add_mob_effect": {
												"effect": "instant_health",
												"duration": 3,
												"amplifier": 6,
												"target": "holder"
											}
										}
									]
								}
							}
						},
						"key": "events",
						"children": [
							{
								"open": {
									"consumed": {
										"sequence": [
											{
												"add_mob_effect": {
													"effect": "regeneration",
													"duration": 300,
													"amplifier": 2,
													"target": "holder"
												}
											},
											{
												"add_mob_effect": {
													"effect": "instant_health",
													"duration": 3,
													"amplifier": 6,
													"target": "holder"
												}
											}
										]
									}
								},
								"key": "consumed",
								"children": [
									{
										"open": {
											"sequence": [
												{
													"add_mob_effect": {
														"effect": "regeneration",
														"duration": 300,
														"amplifier": 2,
														"target": "holder"
													}
												},
												{
													"add_mob_effect": {
														"effect": "instant_health",
														"duration": 3,
														"amplifier": 6,
														"target": "holder"
													}
												}
											]
										},
										"key": "sequence",
										"children": [
											{
												"open": [
													{
														"add_mob_effect": {
															"effect": "regeneration",
															"duration": 300,
															"amplifier": 2,
															"target": "holder"
														}
													},
													{
														"add_mob_effect": {
															"effect": "instant_health",
															"duration": 3,
															"amplifier": 6,
															"target": "holder"
														}
													}
												],
												"children": [
													{
														"open": {
															"add_mob_effect": {
																"effect": "regeneration",
																"duration": 300,
																"amplifier": 2,
																"target": "holder"
															}
														},
														"key": "add_mob_effect",
														"is_minified": true,
														"children": {
															"effect": "regeneration",
															"duration": 300,
															"amplifier": 2,
															"target": "holder"
														}
													}
												]
											},
											{
												"open": [
													{
														"add_mob_effect": {
															"effect": "regeneration",
															"duration": 300,
															"amplifier": 2,
															"target": "holder"
														}
													},
													{
														"add_mob_effect": {
															"effect": "instant_health",
															"duration": 3,
															"amplifier": 6,
															"target": "holder"
														}
													}
												],
												"children": [
													{
														"open": {
															"add_mob_effect": {
																"effect": "instant_health",
																"duration": 3,
																"amplifier": 6,
																"target": "holder"
															}
														},
														"key": "add_mob_effect",
														"is_minified": true,
														"children": {
															"effect": "instant_health",
															"duration": 3,
															"amplifier": 6,
															"target": "holder"
														}
													}
												]
											}
										]
									}
								]
							}
						]
					}
				]
			}
		]
	}
}