{
	"file_path": "C:\\Users\\Jacob\\AppData\\Local\\Packages\\Microsoft.MinecraftUWP_8wekyb3d8bbwe\\LocalState\\games\\com.mojang\\development_behavior_packs\\Cave Enhancements BP\\entities\\dynamite.json",
	"file_type": "entity",
	"format_version": 1,
	"file_uuid": "b76c65aa_d587_4d27_bd38_024ec2e865e8",
	"file_version": 1,
	"cache_content": {
		"children": [
			{
				"data": "1.16.0",
				"key": "format_version"
			},
			{
				"open": {
					"format_version": "1.16.0",
					"minecraft:entity": {
						"description": {
							"identifier": "ores:dynamite_projectile",
							"is_spawnable": false,
							"is_summonable": true,
							"is_experimental": false,
							"runtime_identifier": "minecraft:snowball"
						},
						"component_groups": {
							"explosion": {
								"minecraft:explode": {
									"fuse_length": 3,
									"power": 2.5,
									"fuse_lit": true,
									"causes_fire": false
								}
							}
						},
						"components": {
							"minecraft:collision_box": {
								"width": 0.25,
								"height": 0.25
							},
							"minecraft:projectile": {
								"on_hit": {
									"impact_damage": {
										"damage": 0,
										"knockback": true,
										"destroy_on_hit": true,
										"semi_random_diff_damage": false
									},
									"remove_on_hit": {},
									"particle_on_hit": {
										"particle_type": "snowballpoof",
										"num_particles": 6,
										"on_entity_hit": true,
										"on_other_hit": true
									},
									"stick_in_ground": {
										"shake_time": 0.35
									}
								},
								"anchor": 1,
								"power": 1.5,
								"gravity": 0.03,
								"angle_offset": 0,
								"offset": [
									0,
									-0.1,
									0
								]
							},
							"minecraft:physics": {},
							"minecraft:pushable": {
								"is_pushable": true,
								"is_pushable_by_piston": true
							},
							"minecraft:explode": {
								"fuseLength": 3,
								"power": 2.3,
								"fuseLit": true,
								"causesFire": false
							}
						}
					}
				},
				"key": "minecraft:entity",
				"children": [
					{
						"open": {
							"description": {
								"identifier": "ores:dynamite_projectile",
								"is_spawnable": false,
								"is_summonable": true,
								"is_experimental": false,
								"runtime_identifier": "minecraft:snowball"
							},
							"component_groups": {
								"explosion": {
									"minecraft:explode": {
										"fuse_length": 3,
										"power": 2.5,
										"fuse_lit": true,
										"causes_fire": false
									}
								}
							},
							"components": {
								"minecraft:collision_box": {
									"width": 0.25,
									"height": 0.25
								},
								"minecraft:projectile": {
									"on_hit": {
										"impact_damage": {
											"damage": 0,
											"knockback": true,
											"destroy_on_hit": true,
											"semi_random_diff_damage": false
										},
										"remove_on_hit": {},
										"particle_on_hit": {
											"particle_type": "snowballpoof",
											"num_particles": 6,
											"on_entity_hit": true,
											"on_other_hit": true
										},
										"stick_in_ground": {
											"shake_time": 0.35
										}
									},
									"anchor": 1,
									"power": 1.5,
									"gravity": 0.03,
									"angle_offset": 0,
									"offset": [
										0,
										-0.1,
										0
									]
								},
								"minecraft:physics": {},
								"minecraft:pushable": {
									"is_pushable": true,
									"is_pushable_by_piston": true
								},
								"minecraft:explode": {
									"fuseLength": 3,
									"power": 2.3,
									"fuseLit": true,
									"causesFire": false
								}
							}
						},
						"key": "description",
						"is_minified": true,
						"children": {
							"identifier": "ores:dynamite_projectile",
							"is_spawnable": false,
							"is_summonable": true,
							"is_experimental": false,
							"runtime_identifier": "minecraft:snowball"
						}
					},
					{
						"open": {
							"description": {
								"identifier": "ores:dynamite_projectile",
								"is_spawnable": false,
								"is_summonable": true,
								"is_experimental": false,
								"runtime_identifier": "minecraft:snowball"
							},
							"component_groups": {
								"explosion": {
									"minecraft:explode": {
										"fuse_length": 3,
										"power": 2.5,
										"fuse_lit": true,
										"causes_fire": false
									}
								}
							},
							"components": {
								"minecraft:collision_box": {
									"width": 0.25,
									"height": 0.25
								},
								"minecraft:projectile": {
									"on_hit": {
										"impact_damage": {
											"damage": 0,
											"knockback": true,
											"destroy_on_hit": true,
											"semi_random_diff_damage": false
										},
										"remove_on_hit": {},
										"particle_on_hit": {
											"particle_type": "snowballpoof",
											"num_particles": 6,
											"on_entity_hit": true,
											"on_other_hit": true
										},
										"stick_in_ground": {
											"shake_time": 0.35
										}
									},
									"anchor": 1,
									"power": 1.5,
									"gravity": 0.03,
									"angle_offset": 0,
									"offset": [
										0,
										-0.1,
										0
									]
								},
								"minecraft:physics": {},
								"minecraft:pushable": {
									"is_pushable": true,
									"is_pushable_by_piston": true
								},
								"minecraft:explode": {
									"fuseLength": 3,
									"power": 2.3,
									"fuseLit": true,
									"causesFire": false
								}
							}
						},
						"key": "component_groups",
						"children": [
							{
								"open": {
									"explosion": {
										"minecraft:explode": {
											"fuse_length": 3,
											"power": 2.5,
											"fuse_lit": true,
											"causes_fire": false
										}
									}
								},
								"key": "explosion",
								"children": [
									{
										"open": {
											"minecraft:explode": {
												"fuse_length": 3,
												"power": 2.5,
												"fuse_lit": true,
												"causes_fire": false
											}
										},
										"key": "minecraft:explode",
										"is_minified": true,
										"children": {
											"fuse_length": 3,
											"power": 2.5,
											"fuse_lit": true,
											"causes_fire": false
										}
									}
								]
							}
						]
					},
					{
						"open": {
							"description": {
								"identifier": "ores:dynamite_projectile",
								"is_spawnable": false,
								"is_summonable": true,
								"is_experimental": false,
								"runtime_identifier": "minecraft:snowball"
							},
							"component_groups": {
								"explosion": {
									"minecraft:explode": {
										"fuse_length": 3,
										"power": 2.5,
										"fuse_lit": true,
										"causes_fire": false
									}
								}
							},
							"components": {
								"minecraft:collision_box": {
									"width": 0.25,
									"height": 0.25
								},
								"minecraft:projectile": {
									"on_hit": {
										"impact_damage": {
											"damage": 0,
											"knockback": true,
											"destroy_on_hit": true,
											"semi_random_diff_damage": false
										},
										"remove_on_hit": {},
										"particle_on_hit": {
											"particle_type": "snowballpoof",
											"num_particles": 6,
											"on_entity_hit": true,
											"on_other_hit": true
										},
										"stick_in_ground": {
											"shake_time": 0.35
										}
									},
									"anchor": 1,
									"power": 1.5,
									"gravity": 0.03,
									"angle_offset": 0,
									"offset": [
										0,
										-0.1,
										0
									]
								},
								"minecraft:physics": {},
								"minecraft:pushable": {
									"is_pushable": true,
									"is_pushable_by_piston": true
								},
								"minecraft:explode": {
									"fuseLength": 3,
									"power": 2.3,
									"fuseLit": true,
									"causesFire": false
								}
							}
						},
						"key": "components",
						"children": [
							{
								"open": {
									"minecraft:collision_box": {
										"width": 0.25,
										"height": 0.25
									},
									"minecraft:projectile": {
										"on_hit": {
											"impact_damage": {
												"damage": 0,
												"knockback": true,
												"destroy_on_hit": true,
												"semi_random_diff_damage": false
											},
											"remove_on_hit": {},
											"particle_on_hit": {
												"particle_type": "snowballpoof",
												"num_particles": 6,
												"on_entity_hit": true,
												"on_other_hit": true
											},
											"stick_in_ground": {
												"shake_time": 0.35
											}
										},
										"anchor": 1,
										"power": 1.5,
										"gravity": 0.03,
										"angle_offset": 0,
										"offset": [
											0,
											-0.1,
											0
										]
									},
									"minecraft:physics": {},
									"minecraft:pushable": {
										"is_pushable": true,
										"is_pushable_by_piston": true
									},
									"minecraft:explode": {
										"fuseLength": 3,
										"power": 2.3,
										"fuseLit": true,
										"causesFire": false
									}
								},
								"key": "minecraft:collision_box",
								"is_minified": true,
								"children": {
									"width": 0.25,
									"height": 0.25
								}
							},
							{
								"open": {
									"minecraft:collision_box": {
										"width": 0.25,
										"height": 0.25
									},
									"minecraft:projectile": {
										"on_hit": {
											"impact_damage": {
												"damage": 0,
												"knockback": true,
												"destroy_on_hit": true,
												"semi_random_diff_damage": false
											},
											"remove_on_hit": {},
											"particle_on_hit": {
												"particle_type": "snowballpoof",
												"num_particles": 6,
												"on_entity_hit": true,
												"on_other_hit": true
											},
											"stick_in_ground": {
												"shake_time": 0.35
											}
										},
										"anchor": 1,
										"power": 1.5,
										"gravity": 0.03,
										"angle_offset": 0,
										"offset": [
											0,
											-0.1,
											0
										]
									},
									"minecraft:physics": {},
									"minecraft:pushable": {
										"is_pushable": true,
										"is_pushable_by_piston": true
									},
									"minecraft:explode": {
										"fuseLength": 3,
										"power": 2.3,
										"fuseLit": true,
										"causesFire": false
									}
								},
								"key": "minecraft:projectile",
								"children": [
									{
										"open": {
											"on_hit": {
												"impact_damage": {
													"damage": 0,
													"knockback": true,
													"destroy_on_hit": true,
													"semi_random_diff_damage": false
												},
												"remove_on_hit": {},
												"particle_on_hit": {
													"particle_type": "snowballpoof",
													"num_particles": 6,
													"on_entity_hit": true,
													"on_other_hit": true
												},
												"stick_in_ground": {
													"shake_time": 0.35
												}
											},
											"anchor": 1,
											"power": 1.5,
											"gravity": 0.03,
											"angle_offset": 0,
											"offset": [
												0,
												-0.1,
												0
											]
										},
										"key": "on_hit",
										"is_minified": true,
										"children": {
											"impact_damage": {
												"damage": 0,
												"knockback": true,
												"destroy_on_hit": true,
												"semi_random_diff_damage": false
											},
											"remove_on_hit": {},
											"particle_on_hit": {
												"particle_type": "snowballpoof",
												"num_particles": 6,
												"on_entity_hit": true,
												"on_other_hit": true
											},
											"stick_in_ground": {
												"shake_time": 0.35
											}
										}
									},
									{
										"data": "1",
										"key": "anchor"
									},
									{
										"data": "1.5",
										"key": "power"
									},
									{
										"data": "0.03",
										"key": "gravity"
									},
									{
										"data": "0",
										"key": "angle_offset"
									},
									{
										"key": "offset",
										"is_minified": true,
										"children": [
											0,
											-0.1,
											0
										]
									}
								]
							},
							{
								"key": "minecraft:physics",
								"is_minified": true,
								"children": {}
							},
							{
								"key": "minecraft:pushable",
								"is_minified": true,
								"children": {
									"is_pushable": true,
									"is_pushable_by_piston": true
								}
							},
							{
								"key": "minecraft:explode",
								"is_minified": true,
								"children": {
									"fuseLength": 3,
									"power": 2.3,
									"fuseLit": true,
									"causesFire": false
								}
							}
						]
					}
				]
			}
		]
	}
}