{
	"file_path": "C:\\Users\\Jacob\\AppData\\Local\\Packages\\Microsoft.MinecraftUWP_8wekyb3d8bbwe\\LocalState\\games\\com.mojang\\development_behavior_packs\\Ore Generation Public Test 1\\entities\\player.json",
	"file_type": "entity",
	"format_version": 1,
	"file_uuid": "2e590868_5a45_4f94_9a6e_23134defa82f",
	"file_version": 17,
	"cache_content": {
		"children": [
			{
				"data": "1.16.0",
				"key": "format_version"
			},
			{
				"open": {
					"format_version": "1.16.0",
					"minecraft:entity": {
						"description": {
							"animations": {
								"bridge_custom_item_behavior": "controller.animation.bridge_custom_item_behavior",
								"start": "controller.animation.start",
								"torch": "animation.torch",
								"ntorch": "animation.ntorch",
								"water": "animation.water",
								"nwater": "animation.nwater",
								"switch": "controller.animation.switch",
								"light": "controller.animation.light",
								"timer": "animation.timer"
							},
							"scripts": {
								"animate": [
									"bridge_custom_item_behavior",
									"start",
									{
										"torch": "query.get_equipped_item_name == 'torch'"
									},
									{
										"ntorch": "query.get_equipped_item_name != 'torch'"
									},
									{
										"water": "query.is_in_water_or_rain"
									},
									{
										"nwater": "!query.is_in_water_or_rain"
									},
									"switch",
									"light"
								]
							},
							"identifier": "minecraft:player",
							"is_spawnable": false,
							"is_summonable": false,
							"is_experimental": false
						},
						"component_groups": {
							"bridge:default_player": {},
							"bridge:equipped_687aa522_956f_467d_80a7_9c11b00ba874": {},
							"minecraft:add_bad_omen": {
								"minecraft:spell_effects": {
									"add_effects": [
										{
											"effect": "bad_omen",
											"duration": 6000,
											"display_on_screen_animation": true
										}
									]
								},
								"minecraft:timer": {
									"time": [
										0,
										0
									],
									"looping": false,
									"time_down_event": {
										"event": "minecraft:clear_add_bad_omen",
										"target": "self"
									}
								}
							},
							"minecraft:clear_bad_omen_spell_effect": {
								"minecraft:spell_effects": {}
							},
							"minecraft:raid_trigger": {
								"minecraft:raid_trigger": {
									"triggered_event": {
										"event": "minecraft:remove_raid_trigger",
										"target": "self"
									}
								},
								"minecraft:spell_effects": {
									"remove_effects": "bad_omen"
								}
							},
							"ores:shift": {
								"minecraft:collision_box": {
									"width": 0.6,
									"height": 1.2
								},
								"minecraft:scale": {
									"value": 0.95
								}
							},
							"ores:unshift": {
								"minecraft:collision_box": {
									"width": 0.6,
									"height": 1.8
								},
								"minecraft:scale": {
									"value": 1
								}
							}
						},
						"events": {
							"bridge:on_reset_player": {
								"add": {
									"component_groups": [
										"bridge:default_player"
									]
								}
							},
							"bridge:on_equipped_687aa522_956f_467d_80a7_9c11b00ba874": {
								"add": {
									"component_groups": [
										"bridge:equipped_687aa522_956f_467d_80a7_9c11b00ba874"
									]
								}
							},
							"bridge:on_unequipped_687aa522_956f_467d_80a7_9c11b00ba874": {
								"remove": {
									"component_groups": [
										"bridge:equipped_687aa522_956f_467d_80a7_9c11b00ba874"
									]
								}
							},
							"minecraft:gain_bad_omen": {
								"add": {
									"component_groups": [
										"minecraft:add_bad_omen"
									]
								}
							},
							"minecraft:clear_add_bad_omen": {
								"remove": {
									"component_groups": [
										"minecraft:add_bad_omen"
									]
								},
								"add": {
									"component_groups": [
										"minecraft:clear_bad_omen_spell_effect"
									]
								}
							},
							"minecraft:trigger_raid": {
								"add": {
									"component_groups": [
										"minecraft:raid_trigger"
									]
								}
							},
							"ores:shift": {
								"add": {
									"component_groups": [
										"ores:shift"
									]
								},
								"remove": {
									"component_groups": [
										"ores:unshift"
									]
								}
							},
							"ores:unshift": {
								"add": {
									"component_groups": [
										"ores:unshift"
									]
								},
								"remove": {
									"component_groups": [
										"ores:shift"
									]
								}
							}
						},
						"components": {
							"minecraft:experience_reward": {
								"on_death": "Math.Min(query.player_level * 7, 100)"
							},
							"minecraft:type_family": {
								"family": [
									"player"
								]
							},
							"minecraft:is_hidden_when_invisible": {},
							"minecraft:loot": {
								"table": "loot_tables/empty.json"
							},
							"minecraft:collision_box": {
								"width": 0.6,
								"height": 1.8
							},
							"minecraft:can_climb": {},
							"minecraft:movement": {
								"value": 0.1
							},
							"minecraft:hurt_on_condition": {
								"damage_conditions": [
									{
										"filters": {
											"test": "in_lava",
											"subject": "self",
											"operator": "==",
											"value": true
										},
										"cause": "lava",
										"damage_per_tick": 4
									}
								]
							},
							"minecraft:attack": {
								"damage": 1
							},
							"minecraft:player.saturation": {
								"value": 20
							},
							"minecraft:player.exhaustion": {
								"value": 0,
								"max": 4
							},
							"minecraft:player.level": {
								"value": 0,
								"max": 24791
							},
							"minecraft:player.experience": {
								"value": 0,
								"max": 1
							},
							"minecraft:breathable": {
								"total_supply": 15,
								"suffocate_time": -1,
								"inhale_time": 3.75,
								"generates_bubbles": false
							},
							"minecraft:nameable": {
								"always_show": true,
								"allow_name_tag_renaming": false
							},
							"minecraft:physics": {},
							"minecraft:pushable": {
								"is_pushable": false,
								"is_pushable_by_piston": true
							},
							"minecraft:insomnia": {
								"days_until_insomnia": 3
							},
							"minecraft:rideable": {
								"seat_count": 2,
								"family_types": [
									"parrot_tame"
								],
								"pull_in_entities": true,
								"seats": [
									{
										"position": [
											0.4,
											-0.2,
											-0.1
										],
										"min_rider_count": 0,
										"max_rider_count": 0,
										"lock_rider_rotation": 0
									},
									{
										"position": [
											-0.4,
											-0.2,
											-0.1
										],
										"min_rider_count": 1,
										"max_rider_count": 2,
										"lock_rider_rotation": 0
									}
								]
							},
							"minecraft:scaffolding_climber": {},
							"minecraft:environment_sensor": {
								"triggers": [
									{
										"filters": {
											"all_of": [
												{
													"test": "has_mob_effect",
													"subject": "self",
													"value": "bad_omen"
												},
												{
													"test": "is_in_village",
													"subject": "self",
													"value": true
												}
											]
										},
										"event": "minecraft:trigger_raid"
									},
									{
										"filters": {
											"test": "is_sneaking",
											"operator": "==",
											"subject": "self"
										},
										"event": "ores:shift"
									},
									{
										"filters": {
											"test": "is_sneaking",
											"operator": "!=",
											"subject": "self"
										},
										"event": "ores:unshift"
									}
								]
							}
						}
					}
				},
				"key": "minecraft:entity",
				"children": [
					{
						"open": {
							"description": {
								"animations": {
									"bridge_custom_item_behavior": "controller.animation.bridge_custom_item_behavior",
									"start": "controller.animation.start",
									"torch": "animation.torch",
									"ntorch": "animation.ntorch",
									"water": "animation.water",
									"nwater": "animation.nwater",
									"switch": "controller.animation.switch",
									"light": "controller.animation.light",
									"timer": "animation.timer"
								},
								"scripts": {
									"animate": [
										"bridge_custom_item_behavior",
										"start",
										{
											"torch": "query.get_equipped_item_name == 'torch'"
										},
										{
											"ntorch": "query.get_equipped_item_name != 'torch'"
										},
										{
											"water": "query.is_in_water_or_rain"
										},
										{
											"nwater": "!query.is_in_water_or_rain"
										},
										"switch",
										"light"
									]
								},
								"identifier": "minecraft:player",
								"is_spawnable": false,
								"is_summonable": false,
								"is_experimental": false
							},
							"component_groups": {
								"bridge:default_player": {},
								"bridge:equipped_687aa522_956f_467d_80a7_9c11b00ba874": {},
								"minecraft:add_bad_omen": {
									"minecraft:spell_effects": {
										"add_effects": [
											{
												"effect": "bad_omen",
												"duration": 6000,
												"display_on_screen_animation": true
											}
										]
									},
									"minecraft:timer": {
										"time": [
											0,
											0
										],
										"looping": false,
										"time_down_event": {
											"event": "minecraft:clear_add_bad_omen",
											"target": "self"
										}
									}
								},
								"minecraft:clear_bad_omen_spell_effect": {
									"minecraft:spell_effects": {}
								},
								"minecraft:raid_trigger": {
									"minecraft:raid_trigger": {
										"triggered_event": {
											"event": "minecraft:remove_raid_trigger",
											"target": "self"
										}
									},
									"minecraft:spell_effects": {
										"remove_effects": "bad_omen"
									}
								},
								"ores:shift": {
									"minecraft:collision_box": {
										"width": 0.6,
										"height": 1.2
									},
									"minecraft:scale": {
										"value": 0.95
									}
								},
								"ores:unshift": {
									"minecraft:collision_box": {
										"width": 0.6,
										"height": 1.8
									},
									"minecraft:scale": {
										"value": 1
									}
								}
							},
							"events": {
								"bridge:on_reset_player": {
									"add": {
										"component_groups": [
											"bridge:default_player"
										]
									}
								},
								"bridge:on_equipped_687aa522_956f_467d_80a7_9c11b00ba874": {
									"add": {
										"component_groups": [
											"bridge:equipped_687aa522_956f_467d_80a7_9c11b00ba874"
										]
									}
								},
								"bridge:on_unequipped_687aa522_956f_467d_80a7_9c11b00ba874": {
									"remove": {
										"component_groups": [
											"bridge:equipped_687aa522_956f_467d_80a7_9c11b00ba874"
										]
									}
								},
								"minecraft:gain_bad_omen": {
									"add": {
										"component_groups": [
											"minecraft:add_bad_omen"
										]
									}
								},
								"minecraft:clear_add_bad_omen": {
									"remove": {
										"component_groups": [
											"minecraft:add_bad_omen"
										]
									},
									"add": {
										"component_groups": [
											"minecraft:clear_bad_omen_spell_effect"
										]
									}
								},
								"minecraft:trigger_raid": {
									"add": {
										"component_groups": [
											"minecraft:raid_trigger"
										]
									}
								},
								"ores:shift": {
									"add": {
										"component_groups": [
											"ores:shift"
										]
									},
									"remove": {
										"component_groups": [
											"ores:unshift"
										]
									}
								},
								"ores:unshift": {
									"add": {
										"component_groups": [
											"ores:unshift"
										]
									},
									"remove": {
										"component_groups": [
											"ores:shift"
										]
									}
								}
							},
							"components": {
								"minecraft:experience_reward": {
									"on_death": "Math.Min(query.player_level * 7, 100)"
								},
								"minecraft:type_family": {
									"family": [
										"player"
									]
								},
								"minecraft:is_hidden_when_invisible": {},
								"minecraft:loot": {
									"table": "loot_tables/empty.json"
								},
								"minecraft:collision_box": {
									"width": 0.6,
									"height": 1.8
								},
								"minecraft:can_climb": {},
								"minecraft:movement": {
									"value": 0.1
								},
								"minecraft:hurt_on_condition": {
									"damage_conditions": [
										{
											"filters": {
												"test": "in_lava",
												"subject": "self",
												"operator": "==",
												"value": true
											},
											"cause": "lava",
											"damage_per_tick": 4
										}
									]
								},
								"minecraft:attack": {
									"damage": 1
								},
								"minecraft:player.saturation": {
									"value": 20
								},
								"minecraft:player.exhaustion": {
									"value": 0,
									"max": 4
								},
								"minecraft:player.level": {
									"value": 0,
									"max": 24791
								},
								"minecraft:player.experience": {
									"value": 0,
									"max": 1
								},
								"minecraft:breathable": {
									"total_supply": 15,
									"suffocate_time": -1,
									"inhale_time": 3.75,
									"generates_bubbles": false
								},
								"minecraft:nameable": {
									"always_show": true,
									"allow_name_tag_renaming": false
								},
								"minecraft:physics": {},
								"minecraft:pushable": {
									"is_pushable": false,
									"is_pushable_by_piston": true
								},
								"minecraft:insomnia": {
									"days_until_insomnia": 3
								},
								"minecraft:rideable": {
									"seat_count": 2,
									"family_types": [
										"parrot_tame"
									],
									"pull_in_entities": true,
									"seats": [
										{
											"position": [
												0.4,
												-0.2,
												-0.1
											],
											"min_rider_count": 0,
											"max_rider_count": 0,
											"lock_rider_rotation": 0
										},
										{
											"position": [
												-0.4,
												-0.2,
												-0.1
											],
											"min_rider_count": 1,
											"max_rider_count": 2,
											"lock_rider_rotation": 0
										}
									]
								},
								"minecraft:scaffolding_climber": {},
								"minecraft:environment_sensor": {
									"triggers": [
										{
											"filters": {
												"all_of": [
													{
														"test": "has_mob_effect",
														"subject": "self",
														"value": "bad_omen"
													},
													{
														"test": "is_in_village",
														"subject": "self",
														"value": true
													}
												]
											},
											"event": "minecraft:trigger_raid"
										},
										{
											"filters": {
												"test": "is_sneaking",
												"operator": "==",
												"subject": "self"
											},
											"event": "ores:shift"
										},
										{
											"filters": {
												"test": "is_sneaking",
												"operator": "!=",
												"subject": "self"
											},
											"event": "ores:unshift"
										}
									]
								}
							}
						},
						"key": "description",
						"children": [
							{
								"key": "animations",
								"is_minified": true,
								"children": {
									"bridge_custom_item_behavior": "controller.animation.bridge_custom_item_behavior",
									"start": "controller.animation.start",
									"torch": "animation.torch",
									"ntorch": "animation.ntorch",
									"water": "animation.water",
									"nwater": "animation.nwater",
									"switch": "controller.animation.switch",
									"light": "controller.animation.light",
									"timer": "animation.timer"
								}
							},
							{
								"key": "scripts",
								"children": [
									{
										"open": {
											"animate": [
												"bridge_custom_item_behavior",
												"start",
												{
													"torch": "query.get_equipped_item_name == 'torch'"
												},
												{
													"ntorch": "query.get_equipped_item_name != 'torch'"
												},
												{
													"water": "query.is_in_water_or_rain"
												},
												{
													"nwater": "!query.is_in_water_or_rain"
												},
												"switch",
												"light"
											]
										},
										"key": "animate",
										"is_minified": true,
										"children": [
											"bridge_custom_item_behavior",
											"start",
											{
												"torch": "query.get_equipped_item_name == 'torch'"
											},
											{
												"ntorch": "query.get_equipped_item_name != 'torch'"
											},
											{
												"water": "query.is_in_water_or_rain"
											},
											{
												"nwater": "!query.is_in_water_or_rain"
											},
											"switch",
											"light"
										]
									}
								]
							},
							{
								"data": "minecraft:player",
								"key": "identifier"
							},
							{
								"data": "false",
								"key": "is_spawnable"
							},
							{
								"data": "false",
								"key": "is_summonable"
							},
							{
								"data": "false",
								"key": "is_experimental"
							}
						]
					},
					{
						"open": {
							"description": {
								"animations": {
									"bridge_custom_item_behavior": "controller.animation.bridge_custom_item_behavior",
									"start": "controller.animation.start",
									"torch": "animation.torch",
									"ntorch": "animation.ntorch",
									"water": "animation.water",
									"nwater": "animation.nwater",
									"switch": "controller.animation.switch",
									"light": "controller.animation.light",
									"timer": "animation.timer"
								},
								"scripts": {
									"animate": [
										"bridge_custom_item_behavior",
										"start",
										{
											"torch": "query.get_equipped_item_name == 'torch'"
										},
										{
											"ntorch": "query.get_equipped_item_name != 'torch'"
										},
										{
											"water": "query.is_in_water_or_rain"
										},
										{
											"nwater": "!query.is_in_water_or_rain"
										},
										"switch",
										"light"
									]
								},
								"identifier": "minecraft:player",
								"is_spawnable": false,
								"is_summonable": false,
								"is_experimental": false
							},
							"component_groups": {
								"bridge:default_player": {},
								"bridge:equipped_687aa522_956f_467d_80a7_9c11b00ba874": {},
								"minecraft:add_bad_omen": {
									"minecraft:spell_effects": {
										"add_effects": [
											{
												"effect": "bad_omen",
												"duration": 6000,
												"display_on_screen_animation": true
											}
										]
									},
									"minecraft:timer": {
										"time": [
											0,
											0
										],
										"looping": false,
										"time_down_event": {
											"event": "minecraft:clear_add_bad_omen",
											"target": "self"
										}
									}
								},
								"minecraft:clear_bad_omen_spell_effect": {
									"minecraft:spell_effects": {}
								},
								"minecraft:raid_trigger": {
									"minecraft:raid_trigger": {
										"triggered_event": {
											"event": "minecraft:remove_raid_trigger",
											"target": "self"
										}
									},
									"minecraft:spell_effects": {
										"remove_effects": "bad_omen"
									}
								},
								"ores:shift": {
									"minecraft:collision_box": {
										"width": 0.6,
										"height": 1.2
									},
									"minecraft:scale": {
										"value": 0.95
									}
								},
								"ores:unshift": {
									"minecraft:collision_box": {
										"width": 0.6,
										"height": 1.8
									},
									"minecraft:scale": {
										"value": 1
									}
								}
							},
							"events": {
								"bridge:on_reset_player": {
									"add": {
										"component_groups": [
											"bridge:default_player"
										]
									}
								},
								"bridge:on_equipped_687aa522_956f_467d_80a7_9c11b00ba874": {
									"add": {
										"component_groups": [
											"bridge:equipped_687aa522_956f_467d_80a7_9c11b00ba874"
										]
									}
								},
								"bridge:on_unequipped_687aa522_956f_467d_80a7_9c11b00ba874": {
									"remove": {
										"component_groups": [
											"bridge:equipped_687aa522_956f_467d_80a7_9c11b00ba874"
										]
									}
								},
								"minecraft:gain_bad_omen": {
									"add": {
										"component_groups": [
											"minecraft:add_bad_omen"
										]
									}
								},
								"minecraft:clear_add_bad_omen": {
									"remove": {
										"component_groups": [
											"minecraft:add_bad_omen"
										]
									},
									"add": {
										"component_groups": [
											"minecraft:clear_bad_omen_spell_effect"
										]
									}
								},
								"minecraft:trigger_raid": {
									"add": {
										"component_groups": [
											"minecraft:raid_trigger"
										]
									}
								},
								"ores:shift": {
									"add": {
										"component_groups": [
											"ores:shift"
										]
									},
									"remove": {
										"component_groups": [
											"ores:unshift"
										]
									}
								},
								"ores:unshift": {
									"add": {
										"component_groups": [
											"ores:unshift"
										]
									},
									"remove": {
										"component_groups": [
											"ores:shift"
										]
									}
								}
							},
							"components": {
								"minecraft:experience_reward": {
									"on_death": "Math.Min(query.player_level * 7, 100)"
								},
								"minecraft:type_family": {
									"family": [
										"player"
									]
								},
								"minecraft:is_hidden_when_invisible": {},
								"minecraft:loot": {
									"table": "loot_tables/empty.json"
								},
								"minecraft:collision_box": {
									"width": 0.6,
									"height": 1.8
								},
								"minecraft:can_climb": {},
								"minecraft:movement": {
									"value": 0.1
								},
								"minecraft:hurt_on_condition": {
									"damage_conditions": [
										{
											"filters": {
												"test": "in_lava",
												"subject": "self",
												"operator": "==",
												"value": true
											},
											"cause": "lava",
											"damage_per_tick": 4
										}
									]
								},
								"minecraft:attack": {
									"damage": 1
								},
								"minecraft:player.saturation": {
									"value": 20
								},
								"minecraft:player.exhaustion": {
									"value": 0,
									"max": 4
								},
								"minecraft:player.level": {
									"value": 0,
									"max": 24791
								},
								"minecraft:player.experience": {
									"value": 0,
									"max": 1
								},
								"minecraft:breathable": {
									"total_supply": 15,
									"suffocate_time": -1,
									"inhale_time": 3.75,
									"generates_bubbles": false
								},
								"minecraft:nameable": {
									"always_show": true,
									"allow_name_tag_renaming": false
								},
								"minecraft:physics": {},
								"minecraft:pushable": {
									"is_pushable": false,
									"is_pushable_by_piston": true
								},
								"minecraft:insomnia": {
									"days_until_insomnia": 3
								},
								"minecraft:rideable": {
									"seat_count": 2,
									"family_types": [
										"parrot_tame"
									],
									"pull_in_entities": true,
									"seats": [
										{
											"position": [
												0.4,
												-0.2,
												-0.1
											],
											"min_rider_count": 0,
											"max_rider_count": 0,
											"lock_rider_rotation": 0
										},
										{
											"position": [
												-0.4,
												-0.2,
												-0.1
											],
											"min_rider_count": 1,
											"max_rider_count": 2,
											"lock_rider_rotation": 0
										}
									]
								},
								"minecraft:scaffolding_climber": {},
								"minecraft:environment_sensor": {
									"triggers": [
										{
											"filters": {
												"all_of": [
													{
														"test": "has_mob_effect",
														"subject": "self",
														"value": "bad_omen"
													},
													{
														"test": "is_in_village",
														"subject": "self",
														"value": true
													}
												]
											},
											"event": "minecraft:trigger_raid"
										},
										{
											"filters": {
												"test": "is_sneaking",
												"operator": "==",
												"subject": "self"
											},
											"event": "ores:shift"
										},
										{
											"filters": {
												"test": "is_sneaking",
												"operator": "!=",
												"subject": "self"
											},
											"event": "ores:unshift"
										}
									]
								}
							}
						},
						"key": "component_groups",
						"children": [
							{
								"key": "bridge:default_player",
								"is_minified": true,
								"children": {}
							},
							{
								"key": "bridge:equipped_687aa522_956f_467d_80a7_9c11b00ba874",
								"is_minified": true,
								"children": {}
							},
							{
								"key": "minecraft:add_bad_omen",
								"is_minified": true,
								"children": {
									"minecraft:spell_effects": {
										"add_effects": [
											{
												"effect": "bad_omen",
												"duration": 6000,
												"display_on_screen_animation": true
											}
										]
									},
									"minecraft:timer": {
										"time": [
											0,
											0
										],
										"looping": false,
										"time_down_event": {
											"event": "minecraft:clear_add_bad_omen",
											"target": "self"
										}
									}
								}
							},
							{
								"key": "minecraft:clear_bad_omen_spell_effect",
								"is_minified": true,
								"children": {
									"minecraft:spell_effects": {}
								}
							},
							{
								"key": "minecraft:raid_trigger",
								"children": [
									{
										"key": "minecraft:raid_trigger",
										"children": [
											{
												"open": {
													"triggered_event": {
														"event": "minecraft:remove_raid_trigger",
														"target": "self"
													}
												},
												"key": "triggered_event",
												"is_minified": true,
												"children": {
													"event": "minecraft:remove_raid_trigger",
													"target": "self"
												}
											}
										]
									},
									{
										"key": "minecraft:spell_effects",
										"is_minified": true,
										"children": {
											"remove_effects": "bad_omen"
										}
									}
								]
							},
							{
								"key": "ores:shift",
								"children": [
									{
										"open": {
											"minecraft:collision_box": {
												"width": 0.6,
												"height": 1.2
											},
											"minecraft:scale": {
												"value": 0.95
											}
										},
										"key": "minecraft:collision_box",
										"is_minified": true,
										"children": {
											"width": 0.6,
											"height": 1.2
										}
									},
									{
										"key": "minecraft:scale",
										"is_minified": true,
										"children": {
											"value": 0.95
										}
									}
								]
							},
							{
								"key": "ores:unshift",
								"is_minified": true,
								"children": {
									"minecraft:collision_box": {
										"width": 0.6,
										"height": 1.8
									},
									"minecraft:scale": {
										"value": 1
									}
								}
							}
						]
					},
					{
						"open": {
							"description": {
								"animations": {
									"bridge_custom_item_behavior": "controller.animation.bridge_custom_item_behavior",
									"start": "controller.animation.start",
									"torch": "animation.torch",
									"ntorch": "animation.ntorch",
									"water": "animation.water",
									"nwater": "animation.nwater",
									"switch": "controller.animation.switch",
									"light": "controller.animation.light",
									"timer": "animation.timer"
								},
								"scripts": {
									"animate": [
										"bridge_custom_item_behavior",
										"start",
										{
											"torch": "query.get_equipped_item_name == 'torch'"
										},
										{
											"ntorch": "query.get_equipped_item_name != 'torch'"
										},
										{
											"water": "query.is_in_water_or_rain"
										},
										{
											"nwater": "!query.is_in_water_or_rain"
										},
										"switch",
										"light"
									]
								},
								"identifier": "minecraft:player",
								"is_spawnable": false,
								"is_summonable": false,
								"is_experimental": false
							},
							"component_groups": {
								"bridge:default_player": {},
								"bridge:equipped_687aa522_956f_467d_80a7_9c11b00ba874": {},
								"minecraft:add_bad_omen": {
									"minecraft:spell_effects": {
										"add_effects": [
											{
												"effect": "bad_omen",
												"duration": 6000,
												"display_on_screen_animation": true
											}
										]
									},
									"minecraft:timer": {
										"time": [
											0,
											0
										],
										"looping": false,
										"time_down_event": {
											"event": "minecraft:clear_add_bad_omen",
											"target": "self"
										}
									}
								},
								"minecraft:clear_bad_omen_spell_effect": {
									"minecraft:spell_effects": {}
								},
								"minecraft:raid_trigger": {
									"minecraft:raid_trigger": {
										"triggered_event": {
											"event": "minecraft:remove_raid_trigger",
											"target": "self"
										}
									},
									"minecraft:spell_effects": {
										"remove_effects": "bad_omen"
									}
								},
								"ores:shift": {
									"minecraft:collision_box": {
										"width": 0.6,
										"height": 1.2
									},
									"minecraft:scale": {
										"value": 0.95
									}
								},
								"ores:unshift": {
									"minecraft:collision_box": {
										"width": 0.6,
										"height": 1.8
									},
									"minecraft:scale": {
										"value": 1
									}
								}
							},
							"events": {
								"bridge:on_reset_player": {
									"add": {
										"component_groups": [
											"bridge:default_player"
										]
									}
								},
								"bridge:on_equipped_687aa522_956f_467d_80a7_9c11b00ba874": {
									"add": {
										"component_groups": [
											"bridge:equipped_687aa522_956f_467d_80a7_9c11b00ba874"
										]
									}
								},
								"bridge:on_unequipped_687aa522_956f_467d_80a7_9c11b00ba874": {
									"remove": {
										"component_groups": [
											"bridge:equipped_687aa522_956f_467d_80a7_9c11b00ba874"
										]
									}
								},
								"minecraft:gain_bad_omen": {
									"add": {
										"component_groups": [
											"minecraft:add_bad_omen"
										]
									}
								},
								"minecraft:clear_add_bad_omen": {
									"remove": {
										"component_groups": [
											"minecraft:add_bad_omen"
										]
									},
									"add": {
										"component_groups": [
											"minecraft:clear_bad_omen_spell_effect"
										]
									}
								},
								"minecraft:trigger_raid": {
									"add": {
										"component_groups": [
											"minecraft:raid_trigger"
										]
									}
								},
								"ores:shift": {
									"add": {
										"component_groups": [
											"ores:shift"
										]
									},
									"remove": {
										"component_groups": [
											"ores:unshift"
										]
									}
								},
								"ores:unshift": {
									"add": {
										"component_groups": [
											"ores:unshift"
										]
									},
									"remove": {
										"component_groups": [
											"ores:shift"
										]
									}
								}
							},
							"components": {
								"minecraft:experience_reward": {
									"on_death": "Math.Min(query.player_level * 7, 100)"
								},
								"minecraft:type_family": {
									"family": [
										"player"
									]
								},
								"minecraft:is_hidden_when_invisible": {},
								"minecraft:loot": {
									"table": "loot_tables/empty.json"
								},
								"minecraft:collision_box": {
									"width": 0.6,
									"height": 1.8
								},
								"minecraft:can_climb": {},
								"minecraft:movement": {
									"value": 0.1
								},
								"minecraft:hurt_on_condition": {
									"damage_conditions": [
										{
											"filters": {
												"test": "in_lava",
												"subject": "self",
												"operator": "==",
												"value": true
											},
											"cause": "lava",
											"damage_per_tick": 4
										}
									]
								},
								"minecraft:attack": {
									"damage": 1
								},
								"minecraft:player.saturation": {
									"value": 20
								},
								"minecraft:player.exhaustion": {
									"value": 0,
									"max": 4
								},
								"minecraft:player.level": {
									"value": 0,
									"max": 24791
								},
								"minecraft:player.experience": {
									"value": 0,
									"max": 1
								},
								"minecraft:breathable": {
									"total_supply": 15,
									"suffocate_time": -1,
									"inhale_time": 3.75,
									"generates_bubbles": false
								},
								"minecraft:nameable": {
									"always_show": true,
									"allow_name_tag_renaming": false
								},
								"minecraft:physics": {},
								"minecraft:pushable": {
									"is_pushable": false,
									"is_pushable_by_piston": true
								},
								"minecraft:insomnia": {
									"days_until_insomnia": 3
								},
								"minecraft:rideable": {
									"seat_count": 2,
									"family_types": [
										"parrot_tame"
									],
									"pull_in_entities": true,
									"seats": [
										{
											"position": [
												0.4,
												-0.2,
												-0.1
											],
											"min_rider_count": 0,
											"max_rider_count": 0,
											"lock_rider_rotation": 0
										},
										{
											"position": [
												-0.4,
												-0.2,
												-0.1
											],
											"min_rider_count": 1,
											"max_rider_count": 2,
											"lock_rider_rotation": 0
										}
									]
								},
								"minecraft:scaffolding_climber": {},
								"minecraft:environment_sensor": {
									"triggers": [
										{
											"filters": {
												"all_of": [
													{
														"test": "has_mob_effect",
														"subject": "self",
														"value": "bad_omen"
													},
													{
														"test": "is_in_village",
														"subject": "self",
														"value": true
													}
												]
											},
											"event": "minecraft:trigger_raid"
										},
										{
											"filters": {
												"test": "is_sneaking",
												"operator": "==",
												"subject": "self"
											},
											"event": "ores:shift"
										},
										{
											"filters": {
												"test": "is_sneaking",
												"operator": "!=",
												"subject": "self"
											},
											"event": "ores:unshift"
										}
									]
								}
							}
						},
						"key": "events",
						"children": [
							{
								"key": "bridge:on_reset_player",
								"is_minified": true,
								"children": {
									"add": {
										"component_groups": [
											"bridge:default_player"
										]
									}
								}
							},
							{
								"key": "bridge:on_equipped_687aa522_956f_467d_80a7_9c11b00ba874",
								"is_minified": true,
								"children": {
									"add": {
										"component_groups": [
											"bridge:equipped_687aa522_956f_467d_80a7_9c11b00ba874"
										]
									}
								}
							},
							{
								"key": "bridge:on_unequipped_687aa522_956f_467d_80a7_9c11b00ba874",
								"is_minified": true,
								"children": {
									"remove": {
										"component_groups": [
											"bridge:equipped_687aa522_956f_467d_80a7_9c11b00ba874"
										]
									}
								}
							},
							{
								"key": "minecraft:gain_bad_omen",
								"is_minified": true,
								"children": {
									"add": {
										"component_groups": [
											"minecraft:add_bad_omen"
										]
									}
								}
							},
							{
								"key": "minecraft:clear_add_bad_omen",
								"is_minified": true,
								"children": {
									"remove": {
										"component_groups": [
											"minecraft:add_bad_omen"
										]
									},
									"add": {
										"component_groups": [
											"minecraft:clear_bad_omen_spell_effect"
										]
									}
								}
							},
							{
								"key": "minecraft:trigger_raid",
								"is_minified": true,
								"children": {
									"add": {
										"component_groups": [
											"minecraft:raid_trigger"
										]
									}
								}
							},
							{
								"open": {
									"bridge:on_reset_player": {
										"add": {
											"component_groups": [
												"bridge:default_player"
											]
										}
									},
									"bridge:on_equipped_687aa522_956f_467d_80a7_9c11b00ba874": {
										"add": {
											"component_groups": [
												"bridge:equipped_687aa522_956f_467d_80a7_9c11b00ba874"
											]
										}
									},
									"bridge:on_unequipped_687aa522_956f_467d_80a7_9c11b00ba874": {
										"remove": {
											"component_groups": [
												"bridge:equipped_687aa522_956f_467d_80a7_9c11b00ba874"
											]
										}
									},
									"minecraft:gain_bad_omen": {
										"add": {
											"component_groups": [
												"minecraft:add_bad_omen"
											]
										}
									},
									"minecraft:clear_add_bad_omen": {
										"remove": {
											"component_groups": [
												"minecraft:add_bad_omen"
											]
										},
										"add": {
											"component_groups": [
												"minecraft:clear_bad_omen_spell_effect"
											]
										}
									},
									"minecraft:trigger_raid": {
										"add": {
											"component_groups": [
												"minecraft:raid_trigger"
											]
										}
									},
									"ores:shift": {
										"add": {
											"component_groups": [
												"ores:shift"
											]
										},
										"remove": {
											"component_groups": [
												"ores:unshift"
											]
										}
									},
									"ores:unshift": {
										"add": {
											"component_groups": [
												"ores:unshift"
											]
										},
										"remove": {
											"component_groups": [
												"ores:shift"
											]
										}
									}
								},
								"key": "ores:shift",
								"children": [
									{
										"open": {
											"add": {
												"component_groups": [
													"ores:shift"
												]
											},
											"remove": {
												"component_groups": [
													"ores:unshift"
												]
											}
										},
										"key": "add",
										"children": [
											{
												"open": {
													"component_groups": [
														"ores:shift"
													]
												},
												"key": "component_groups",
												"is_minified": true,
												"children": [
													"ores:shift"
												]
											}
										]
									},
									{
										"key": "remove",
										"is_minified": true,
										"children": {
											"component_groups": [
												"ores:unshift"
											]
										}
									}
								]
							},
							{
								"key": "ores:unshift",
								"is_minified": true,
								"children": {
									"add": {
										"component_groups": [
											"ores:unshift"
										]
									},
									"remove": {
										"component_groups": [
											"ores:shift"
										]
									}
								}
							}
						]
					},
					{
						"open": {
							"description": {
								"animations": {
									"bridge_custom_item_behavior": "controller.animation.bridge_custom_item_behavior",
									"start": "controller.animation.start",
									"torch": "animation.torch",
									"ntorch": "animation.ntorch",
									"water": "animation.water",
									"nwater": "animation.nwater",
									"switch": "controller.animation.switch",
									"light": "controller.animation.light",
									"timer": "animation.timer"
								},
								"scripts": {
									"animate": [
										"bridge_custom_item_behavior",
										"start",
										{
											"torch": "query.get_equipped_item_name == 'torch'"
										},
										{
											"ntorch": "query.get_equipped_item_name != 'torch'"
										},
										{
											"water": "query.is_in_water_or_rain"
										},
										{
											"nwater": "!query.is_in_water_or_rain"
										},
										"switch",
										"light"
									]
								},
								"identifier": "minecraft:player",
								"is_spawnable": false,
								"is_summonable": false,
								"is_experimental": false
							},
							"component_groups": {
								"bridge:default_player": {},
								"bridge:equipped_687aa522_956f_467d_80a7_9c11b00ba874": {},
								"minecraft:add_bad_omen": {
									"minecraft:spell_effects": {
										"add_effects": [
											{
												"effect": "bad_omen",
												"duration": 6000,
												"display_on_screen_animation": true
											}
										]
									},
									"minecraft:timer": {
										"time": [
											0,
											0
										],
										"looping": false,
										"time_down_event": {
											"event": "minecraft:clear_add_bad_omen",
											"target": "self"
										}
									}
								},
								"minecraft:clear_bad_omen_spell_effect": {
									"minecraft:spell_effects": {}
								},
								"minecraft:raid_trigger": {
									"minecraft:raid_trigger": {
										"triggered_event": {
											"event": "minecraft:remove_raid_trigger",
											"target": "self"
										}
									},
									"minecraft:spell_effects": {
										"remove_effects": "bad_omen"
									}
								},
								"ores:shift": {
									"minecraft:collision_box": {
										"width": 0.6,
										"height": 1.2
									},
									"minecraft:scale": {
										"value": 0.95
									}
								},
								"ores:unshift": {
									"minecraft:collision_box": {
										"width": 0.6,
										"height": 1.8
									},
									"minecraft:scale": {
										"value": 1
									}
								}
							},
							"events": {
								"bridge:on_reset_player": {
									"add": {
										"component_groups": [
											"bridge:default_player"
										]
									}
								},
								"bridge:on_equipped_687aa522_956f_467d_80a7_9c11b00ba874": {
									"add": {
										"component_groups": [
											"bridge:equipped_687aa522_956f_467d_80a7_9c11b00ba874"
										]
									}
								},
								"bridge:on_unequipped_687aa522_956f_467d_80a7_9c11b00ba874": {
									"remove": {
										"component_groups": [
											"bridge:equipped_687aa522_956f_467d_80a7_9c11b00ba874"
										]
									}
								},
								"minecraft:gain_bad_omen": {
									"add": {
										"component_groups": [
											"minecraft:add_bad_omen"
										]
									}
								},
								"minecraft:clear_add_bad_omen": {
									"remove": {
										"component_groups": [
											"minecraft:add_bad_omen"
										]
									},
									"add": {
										"component_groups": [
											"minecraft:clear_bad_omen_spell_effect"
										]
									}
								},
								"minecraft:trigger_raid": {
									"add": {
										"component_groups": [
											"minecraft:raid_trigger"
										]
									}
								},
								"ores:shift": {
									"add": {
										"component_groups": [
											"ores:shift"
										]
									},
									"remove": {
										"component_groups": [
											"ores:unshift"
										]
									}
								},
								"ores:unshift": {
									"add": {
										"component_groups": [
											"ores:unshift"
										]
									},
									"remove": {
										"component_groups": [
											"ores:shift"
										]
									}
								}
							},
							"components": {
								"minecraft:experience_reward": {
									"on_death": "Math.Min(query.player_level * 7, 100)"
								},
								"minecraft:type_family": {
									"family": [
										"player"
									]
								},
								"minecraft:is_hidden_when_invisible": {},
								"minecraft:loot": {
									"table": "loot_tables/empty.json"
								},
								"minecraft:collision_box": {
									"width": 0.6,
									"height": 1.8
								},
								"minecraft:can_climb": {},
								"minecraft:movement": {
									"value": 0.1
								},
								"minecraft:hurt_on_condition": {
									"damage_conditions": [
										{
											"filters": {
												"test": "in_lava",
												"subject": "self",
												"operator": "==",
												"value": true
											},
											"cause": "lava",
											"damage_per_tick": 4
										}
									]
								},
								"minecraft:attack": {
									"damage": 1
								},
								"minecraft:player.saturation": {
									"value": 20
								},
								"minecraft:player.exhaustion": {
									"value": 0,
									"max": 4
								},
								"minecraft:player.level": {
									"value": 0,
									"max": 24791
								},
								"minecraft:player.experience": {
									"value": 0,
									"max": 1
								},
								"minecraft:breathable": {
									"total_supply": 15,
									"suffocate_time": -1,
									"inhale_time": 3.75,
									"generates_bubbles": false
								},
								"minecraft:nameable": {
									"always_show": true,
									"allow_name_tag_renaming": false
								},
								"minecraft:physics": {},
								"minecraft:pushable": {
									"is_pushable": false,
									"is_pushable_by_piston": true
								},
								"minecraft:insomnia": {
									"days_until_insomnia": 3
								},
								"minecraft:rideable": {
									"seat_count": 2,
									"family_types": [
										"parrot_tame"
									],
									"pull_in_entities": true,
									"seats": [
										{
											"position": [
												0.4,
												-0.2,
												-0.1
											],
											"min_rider_count": 0,
											"max_rider_count": 0,
											"lock_rider_rotation": 0
										},
										{
											"position": [
												-0.4,
												-0.2,
												-0.1
											],
											"min_rider_count": 1,
											"max_rider_count": 2,
											"lock_rider_rotation": 0
										}
									]
								},
								"minecraft:scaffolding_climber": {},
								"minecraft:environment_sensor": {
									"triggers": [
										{
											"filters": {
												"all_of": [
													{
														"test": "has_mob_effect",
														"subject": "self",
														"value": "bad_omen"
													},
													{
														"test": "is_in_village",
														"subject": "self",
														"value": true
													}
												]
											},
											"event": "minecraft:trigger_raid"
										},
										{
											"filters": {
												"test": "is_sneaking",
												"operator": "==",
												"subject": "self"
											},
											"event": "ores:shift"
										},
										{
											"filters": {
												"test": "is_sneaking",
												"operator": "!=",
												"subject": "self"
											},
											"event": "ores:unshift"
										}
									]
								}
							}
						},
						"key": "components",
						"children": [
							{
								"key": "minecraft:experience_reward",
								"is_minified": true,
								"children": {
									"on_death": "Math.Min(query.player_level * 7, 100)"
								}
							},
							{
								"key": "minecraft:type_family",
								"is_minified": true,
								"children": {
									"family": [
										"player"
									]
								}
							},
							{
								"key": "minecraft:is_hidden_when_invisible",
								"is_minified": true,
								"children": {}
							},
							{
								"key": "minecraft:loot",
								"is_minified": true,
								"children": {
									"table": "loot_tables/empty.json"
								}
							},
							{
								"key": "minecraft:collision_box",
								"is_minified": true,
								"children": {
									"width": 0.6,
									"height": 1.8
								}
							},
							{
								"key": "minecraft:can_climb",
								"is_minified": true,
								"children": {}
							},
							{
								"key": "minecraft:movement",
								"is_minified": true,
								"children": {
									"value": 0.1
								}
							},
							{
								"key": "minecraft:hurt_on_condition",
								"is_minified": true,
								"children": {
									"damage_conditions": [
										{
											"filters": {
												"test": "in_lava",
												"subject": "self",
												"operator": "==",
												"value": true
											},
											"cause": "lava",
											"damage_per_tick": 4
										}
									]
								}
							},
							{
								"key": "minecraft:attack",
								"is_minified": true,
								"children": {
									"damage": 1
								}
							},
							{
								"key": "minecraft:player.saturation",
								"is_minified": true,
								"children": {
									"value": 20
								}
							},
							{
								"key": "minecraft:player.exhaustion",
								"is_minified": true,
								"children": {
									"value": 0,
									"max": 4
								}
							},
							{
								"key": "minecraft:player.level",
								"is_minified": true,
								"children": {
									"value": 0,
									"max": 24791
								}
							},
							{
								"key": "minecraft:player.experience",
								"is_minified": true,
								"children": {
									"value": 0,
									"max": 1
								}
							},
							{
								"key": "minecraft:breathable",
								"is_minified": true,
								"children": {
									"total_supply": 15,
									"suffocate_time": -1,
									"inhale_time": 3.75,
									"generates_bubbles": false
								}
							},
							{
								"key": "minecraft:nameable",
								"is_minified": true,
								"children": {
									"always_show": true,
									"allow_name_tag_renaming": false
								}
							},
							{
								"key": "minecraft:physics",
								"is_minified": true,
								"children": {}
							},
							{
								"key": "minecraft:pushable",
								"is_minified": true,
								"children": {
									"is_pushable": false,
									"is_pushable_by_piston": true
								}
							},
							{
								"key": "minecraft:insomnia",
								"is_minified": true,
								"children": {
									"days_until_insomnia": 3
								}
							},
							{
								"key": "minecraft:rideable",
								"is_minified": true,
								"children": {
									"seat_count": 2,
									"family_types": [
										"parrot_tame"
									],
									"pull_in_entities": true,
									"seats": [
										{
											"position": [
												0.4,
												-0.2,
												-0.1
											],
											"min_rider_count": 0,
											"max_rider_count": 0,
											"lock_rider_rotation": 0
										},
										{
											"position": [
												-0.4,
												-0.2,
												-0.1
											],
											"min_rider_count": 1,
											"max_rider_count": 2,
											"lock_rider_rotation": 0
										}
									]
								}
							},
							{
								"key": "minecraft:scaffolding_climber",
								"is_minified": true,
								"children": {}
							},
							{
								"key": "minecraft:environment_sensor",
								"children": [
									{
										"open": {
											"triggers": [
												{
													"filters": {
														"all_of": [
															{
																"test": "has_mob_effect",
																"subject": "self",
																"value": "bad_omen"
															},
															{
																"test": "is_in_village",
																"subject": "self",
																"value": true
															}
														]
													},
													"event": "minecraft:trigger_raid"
												},
												{
													"filters": {
														"test": "is_sneaking",
														"operator": "==",
														"subject": "self"
													},
													"event": "ores:shift"
												},
												{
													"filters": {
														"test": "is_sneaking",
														"operator": "!=",
														"subject": "self"
													},
													"event": "ores:unshift"
												}
											]
										},
										"key": "triggers",
										"children": [
											{
												"is_minified": true,
												"children": {
													"filters": {
														"all_of": [
															{
																"test": "has_mob_effect",
																"subject": "self",
																"value": "bad_omen"
															},
															{
																"test": "is_in_village",
																"subject": "self",
																"value": true
															}
														]
													},
													"event": "minecraft:trigger_raid"
												}
											},
											{
												"open": [
													{
														"filters": {
															"all_of": [
																{
																	"test": "has_mob_effect",
																	"subject": "self",
																	"value": "bad_omen"
																},
																{
																	"test": "is_in_village",
																	"subject": "self",
																	"value": true
																}
															]
														},
														"event": "minecraft:trigger_raid"
													},
													{
														"filters": {
															"test": "is_sneaking",
															"operator": "==",
															"subject": "self"
														},
														"event": "ores:shift"
													},
													{
														"filters": {
															"test": "is_sneaking",
															"operator": "!=",
															"subject": "self"
														},
														"event": "ores:unshift"
													}
												],
												"children": [
													{
														"open": {
															"filters": {
																"test": "is_sneaking",
																"operator": "==",
																"subject": "self"
															},
															"event": "ores:shift"
														},
														"key": "filters",
														"is_minified": true,
														"children": {
															"test": "is_sneaking",
															"operator": "==",
															"subject": "self"
														}
													},
													{
														"data": "ores:shift",
														"key": "event"
													}
												]
											},
											{
												"open": [
													{
														"filters": {
															"all_of": [
																{
																	"test": "has_mob_effect",
																	"subject": "self",
																	"value": "bad_omen"
																},
																{
																	"test": "is_in_village",
																	"subject": "self",
																	"value": true
																}
															]
														},
														"event": "minecraft:trigger_raid"
													},
													{
														"filters": {
															"test": "is_sneaking",
															"operator": "==",
															"subject": "self"
														},
														"event": "ores:shift"
													},
													{
														"filters": {
															"test": "is_sneaking",
															"operator": "!=",
															"subject": "self"
														},
														"event": "ores:unshift"
													}
												],
												"children": [
													{
														"open": {
															"filters": {
																"test": "is_sneaking",
																"operator": "!=",
																"subject": "self"
															},
															"event": "ores:unshift"
														},
														"key": "filters",
														"is_minified": true,
														"children": {
															"test": "is_sneaking",
															"operator": "!=",
															"subject": "self"
														}
													},
													{
														"data": "ores:unshift",
														"key": "event"
													}
												]
											}
										]
									}
								]
							}
						]
					}
				]
			}
		]
	}
}