{
	"file_path": "C:\\Users\\Jacob\\AppData\\Local\\Packages\\Microsoft.MinecraftUWP_8wekyb3d8bbwe\\LocalState\\games\\com.mojang\\development_behavior_packs\\Cave Enhancements BP\\entities\\rock_gecko.json",
	"file_type": "entity",
	"format_version": 1,
	"file_uuid": "0f967e9e_aa63_40a2_9f0a_43af0d1da95f",
	"file_version": 27,
	"cache_content": {
		"children": [
			{
				"data": "1.16.200",
				"key": "format_version"
			},
			{
				"open": {
					"format_version": "1.16.200",
					"minecraft:entity": {
						"description": {
							"identifier": "ores:rock_gecko",
							"runtime_identifier": "minecraft:fox",
							"is_summonable": true,
							"is_spawnable": true
						},
						"component_groups": {
							"ores:is_baby": {
								"minecraft:scale": {
									"value": 0.3
								},
								"minecraft:ageable": {
									"duration": 1200,
									"feed_items": [
										"ores:glowing_grape"
									],
									"grow_up": {
										"event": "minecraft:ageable_grow_up",
										"target": "self"
									}
								},
								"minecraft:behavior.follow_parent": {
									"priority": 5,
									"speed_multiplier": 1
								},
								"minecraft:is_baby": {}
							},
							"ores:adult": {
								"minecraft:experience_reward": {
									"on_bred": "math.random(1,3)",
									"on_death": "query.last_hit_by_player ? math.random(1,2) : 0"
								},
								"minecraft:breedable": {
									"require_tame": false,
									"breeds_with": {
										"mate_type": "ores:rock_gecko",
										"baby_type": "ores:rock_gecko",
										"breed_event": {
											"event": "minecraft:entity_born",
											"target": "baby"
										}
									},
									"breed_items": [
										"ores:glowing_grape"
									]
								},
								"minecraft:behavior.breed": {
									"priority": 3,
									"speed_multiplier": 1
								}
							},
							"ores:wild": {
								"minecraft:tameable": {
									"probability": 0.3,
									"tame_items": [
										"ores:roots"
									],
									"tame_event": {
										"event": "minecraft:on_tame",
										"target": "self"
									}
								},
								"minecraft:breedable": {
									"require_tame": false,
									"breeds_with": {
										"mate_type": "ores:rock_gecko",
										"baby_type": "ores:rock_gecko",
										"breed_event": {
											"event": "minecraft:entity_born",
											"target": "baby"
										}
									},
									"breed_items": [
										"ores:glowing_grape"
									]
								},
								"minecraft:behavior.breed": {
									"priority": 3,
									"speed_multiplier": 1
								},
								"minecraft:scale": {
									"value": 2
								}
							},
							"ores:tamed": {
								"minecraft:inventory": {
									"container_type": "minecart_hopper",
									"inventory_size": 5,
									"restrict_to_owner": false
								}
							},
							"ores:basalt": {
								"minecraft:variant": {
									"value": 0
								}
							},
							"ores:gravel": {
								"minecraft:variant": {
									"value": 1
								}
							}
						},
						"components": {
							"minecraft:collision_box": {
								"width": 0.2,
								"height": 0.2
							},
							"minecraft:nameable": {
								"allow_name_tag_renaming": true
							},
							"minecraft:health": {
								"value": 6,
								"max": 6
							},
							"minecraft:movement": {
								"value": 0.25
							},
							"minecraft:navigation.walk": {
								"avoid_sun": false,
								"avoid_portals": true,
								"avoid_powder_snow": false,
								"can_break_doors": false,
								"can_open_doors": false,
								"can_pass_doors": false,
								"can_path_over_water": false,
								"can_path_over_lava": false,
								"can_path_from_air": false,
								"can_sink": false,
								"can_walk_in_lava": true,
								"is_amphibious": false,
								"avoid_water": true
							},
							"minecraft:movement.basic": {},
							"minecraft:behavior.panic": {
								"priority": 1,
								"speed_multiplier": 2,
								"damage_sources": "all",
								"force": false,
								"prefer_water": false,
								"ignore_mob_damage": false
							},
							"minecraft:behavior.tempt": {
								"priority": 6,
								"speed_multiplier": 0.5,
								"items": [
									"ores:glowing_grape"
								]
							},
							"minecraft:behavior.look_at_player": {
								"priority": 7,
								"look_distance": 4,
								"probability": 0.2
							},
							"minecraft:behavior.random_look_around": {
								"priority": 8
							},
							"minecraft:physics": {
								"has_collision": true,
								"has_gravity": true
							},
							"minecraft:can_climb": {},
							"minecraft:jump.static": {},
							"minecraft:behavior.random_stroll": {
								"priority": 5,
								"speed_multiplier": 0.8
							},
							"minecraft:pushable": {
								"is_pushable": true,
								"is_pushable_by_piston": true
							},
							"minecraft:behavior.float": {
								"priority": 0
							},
							"minecraft:loot": {
								"table": "loot_tables/rock_geko_loot.json"
							},
							"minecraft:leashable": {
								"soft_distance": 4,
								"hard_distance": 6,
								"max_distance": 10,
								"can_be_stolen": true
							}
						},
						"events": {
							"minecraft:entity_spawned": {
								"sequence": [
									{
										"randomize": [
											{
												"weight": 56,
												"add": {
													"component_groups": [
														"ores:basalt"
													]
												}
											},
											{
												"weight": 50,
												"add": {
													"component_groups": [
														"ores:gravel"
													]
												}
											},
											{
												"weight": 55,
												"remove": {},
												"add": {
													"component_groups": [
														"ores:adult",
														"ores:wild"
													]
												}
											},
											{
												"weight": 5,
												"remove": {},
												"add": {
													"component_groups": [
														"ores:is_baby",
														"ores:wild"
													]
												}
											}
										]
									}
								]
							},
							"minecraft:entity_born": {
								"remove": {},
								"add": {
									"component_groups": [
										"ores:is_baby",
										"ores:wild"
									]
								}
							},
							"minecraft:ageable_grow_up": {
								"remove": {
									"component_groups": [
										"ores:is_baby"
									]
								},
								"add": {
									"component_groups": [
										"ores:adult"
									]
								}
							},
							"minecraft:on_tame": {
								"remove": {
									"component_groups": [
										"ores:wild"
									]
								},
								"add": {
									"component_groups": [
										"ores:tamed"
									]
								}
							}
						}
					}
				},
				"key": "minecraft:entity",
				"children": [
					{
						"open": {
							"description": {
								"identifier": "ores:rock_gecko",
								"runtime_identifier": "minecraft:fox",
								"is_summonable": true,
								"is_spawnable": true
							},
							"component_groups": {
								"ores:is_baby": {
									"minecraft:scale": {
										"value": 0.3
									},
									"minecraft:ageable": {
										"duration": 1200,
										"feed_items": [
											"ores:glowing_grape"
										],
										"grow_up": {
											"event": "minecraft:ageable_grow_up",
											"target": "self"
										}
									},
									"minecraft:behavior.follow_parent": {
										"priority": 5,
										"speed_multiplier": 1
									},
									"minecraft:is_baby": {}
								},
								"ores:adult": {
									"minecraft:experience_reward": {
										"on_bred": "math.random(1,3)",
										"on_death": "query.last_hit_by_player ? math.random(1,2) : 0"
									},
									"minecraft:breedable": {
										"require_tame": false,
										"breeds_with": {
											"mate_type": "ores:rock_gecko",
											"baby_type": "ores:rock_gecko",
											"breed_event": {
												"event": "minecraft:entity_born",
												"target": "baby"
											}
										},
										"breed_items": [
											"ores:glowing_grape"
										]
									},
									"minecraft:behavior.breed": {
										"priority": 3,
										"speed_multiplier": 1
									}
								},
								"ores:wild": {
									"minecraft:tameable": {
										"probability": 0.3,
										"tame_items": [
											"ores:roots"
										],
										"tame_event": {
											"event": "minecraft:on_tame",
											"target": "self"
										}
									},
									"minecraft:breedable": {
										"require_tame": false,
										"breeds_with": {
											"mate_type": "ores:rock_gecko",
											"baby_type": "ores:rock_gecko",
											"breed_event": {
												"event": "minecraft:entity_born",
												"target": "baby"
											}
										},
										"breed_items": [
											"ores:glowing_grape"
										]
									},
									"minecraft:behavior.breed": {
										"priority": 3,
										"speed_multiplier": 1
									},
									"minecraft:scale": {
										"value": 2
									}
								},
								"ores:tamed": {
									"minecraft:inventory": {
										"container_type": "minecart_hopper",
										"inventory_size": 5,
										"restrict_to_owner": false
									}
								},
								"ores:basalt": {
									"minecraft:variant": {
										"value": 0
									}
								},
								"ores:gravel": {
									"minecraft:variant": {
										"value": 1
									}
								}
							},
							"components": {
								"minecraft:collision_box": {
									"width": 0.2,
									"height": 0.2
								},
								"minecraft:nameable": {
									"allow_name_tag_renaming": true
								},
								"minecraft:health": {
									"value": 6,
									"max": 6
								},
								"minecraft:movement": {
									"value": 0.25
								},
								"minecraft:navigation.walk": {
									"avoid_sun": false,
									"avoid_portals": true,
									"avoid_powder_snow": false,
									"can_break_doors": false,
									"can_open_doors": false,
									"can_pass_doors": false,
									"can_path_over_water": false,
									"can_path_over_lava": false,
									"can_path_from_air": false,
									"can_sink": false,
									"can_walk_in_lava": true,
									"is_amphibious": false,
									"avoid_water": true
								},
								"minecraft:movement.basic": {},
								"minecraft:behavior.panic": {
									"priority": 1,
									"speed_multiplier": 2,
									"damage_sources": "all",
									"force": false,
									"prefer_water": false,
									"ignore_mob_damage": false
								},
								"minecraft:behavior.tempt": {
									"priority": 6,
									"speed_multiplier": 0.5,
									"items": [
										"ores:glowing_grape"
									]
								},
								"minecraft:behavior.look_at_player": {
									"priority": 7,
									"look_distance": 4,
									"probability": 0.2
								},
								"minecraft:behavior.random_look_around": {
									"priority": 8
								},
								"minecraft:physics": {
									"has_collision": true,
									"has_gravity": true
								},
								"minecraft:can_climb": {},
								"minecraft:jump.static": {},
								"minecraft:behavior.random_stroll": {
									"priority": 5,
									"speed_multiplier": 0.8
								},
								"minecraft:pushable": {
									"is_pushable": true,
									"is_pushable_by_piston": true
								},
								"minecraft:behavior.float": {
									"priority": 0
								},
								"minecraft:loot": {
									"table": "loot_tables/rock_geko_loot.json"
								},
								"minecraft:leashable": {
									"soft_distance": 4,
									"hard_distance": 6,
									"max_distance": 10,
									"can_be_stolen": true
								}
							},
							"events": {
								"minecraft:entity_spawned": {
									"sequence": [
										{
											"randomize": [
												{
													"weight": 56,
													"add": {
														"component_groups": [
															"ores:basalt"
														]
													}
												},
												{
													"weight": 50,
													"add": {
														"component_groups": [
															"ores:gravel"
														]
													}
												},
												{
													"weight": 55,
													"remove": {},
													"add": {
														"component_groups": [
															"ores:adult",
															"ores:wild"
														]
													}
												},
												{
													"weight": 5,
													"remove": {},
													"add": {
														"component_groups": [
															"ores:is_baby",
															"ores:wild"
														]
													}
												}
											]
										}
									]
								},
								"minecraft:entity_born": {
									"remove": {},
									"add": {
										"component_groups": [
											"ores:is_baby",
											"ores:wild"
										]
									}
								},
								"minecraft:ageable_grow_up": {
									"remove": {
										"component_groups": [
											"ores:is_baby"
										]
									},
									"add": {
										"component_groups": [
											"ores:adult"
										]
									}
								},
								"minecraft:on_tame": {
									"remove": {
										"component_groups": [
											"ores:wild"
										]
									},
									"add": {
										"component_groups": [
											"ores:tamed"
										]
									}
								}
							}
						},
						"key": "description",
						"is_minified": true,
						"children": {
							"identifier": "ores:rock_gecko",
							"runtime_identifier": "minecraft:fox",
							"is_summonable": true,
							"is_spawnable": true
						}
					},
					{
						"open": {
							"description": {
								"identifier": "ores:rock_gecko",
								"runtime_identifier": "minecraft:fox",
								"is_summonable": true,
								"is_spawnable": true
							},
							"component_groups": {
								"ores:is_baby": {
									"minecraft:scale": {
										"value": 0.3
									},
									"minecraft:ageable": {
										"duration": 1200,
										"feed_items": [
											"ores:glowing_grape"
										],
										"grow_up": {
											"event": "minecraft:ageable_grow_up",
											"target": "self"
										}
									},
									"minecraft:behavior.follow_parent": {
										"priority": 5,
										"speed_multiplier": 1
									},
									"minecraft:is_baby": {}
								},
								"ores:adult": {
									"minecraft:experience_reward": {
										"on_bred": "math.random(1,3)",
										"on_death": "query.last_hit_by_player ? math.random(1,2) : 0"
									},
									"minecraft:breedable": {
										"require_tame": false,
										"breeds_with": {
											"mate_type": "ores:rock_gecko",
											"baby_type": "ores:rock_gecko",
											"breed_event": {
												"event": "minecraft:entity_born",
												"target": "baby"
											}
										},
										"breed_items": [
											"ores:glowing_grape"
										]
									},
									"minecraft:behavior.breed": {
										"priority": 3,
										"speed_multiplier": 1
									}
								},
								"ores:wild": {
									"minecraft:tameable": {
										"probability": 0.3,
										"tame_items": [
											"ores:roots"
										],
										"tame_event": {
											"event": "minecraft:on_tame",
											"target": "self"
										}
									},
									"minecraft:breedable": {
										"require_tame": false,
										"breeds_with": {
											"mate_type": "ores:rock_gecko",
											"baby_type": "ores:rock_gecko",
											"breed_event": {
												"event": "minecraft:entity_born",
												"target": "baby"
											}
										},
										"breed_items": [
											"ores:glowing_grape"
										]
									},
									"minecraft:behavior.breed": {
										"priority": 3,
										"speed_multiplier": 1
									},
									"minecraft:scale": {
										"value": 2
									}
								},
								"ores:tamed": {
									"minecraft:inventory": {
										"container_type": "minecart_hopper",
										"inventory_size": 5,
										"restrict_to_owner": false
									}
								},
								"ores:basalt": {
									"minecraft:variant": {
										"value": 0
									}
								},
								"ores:gravel": {
									"minecraft:variant": {
										"value": 1
									}
								}
							},
							"components": {
								"minecraft:collision_box": {
									"width": 0.2,
									"height": 0.2
								},
								"minecraft:nameable": {
									"allow_name_tag_renaming": true
								},
								"minecraft:health": {
									"value": 6,
									"max": 6
								},
								"minecraft:movement": {
									"value": 0.25
								},
								"minecraft:navigation.walk": {
									"avoid_sun": false,
									"avoid_portals": true,
									"avoid_powder_snow": false,
									"can_break_doors": false,
									"can_open_doors": false,
									"can_pass_doors": false,
									"can_path_over_water": false,
									"can_path_over_lava": false,
									"can_path_from_air": false,
									"can_sink": false,
									"can_walk_in_lava": true,
									"is_amphibious": false,
									"avoid_water": true
								},
								"minecraft:movement.basic": {},
								"minecraft:behavior.panic": {
									"priority": 1,
									"speed_multiplier": 2,
									"damage_sources": "all",
									"force": false,
									"prefer_water": false,
									"ignore_mob_damage": false
								},
								"minecraft:behavior.tempt": {
									"priority": 6,
									"speed_multiplier": 0.5,
									"items": [
										"ores:glowing_grape"
									]
								},
								"minecraft:behavior.look_at_player": {
									"priority": 7,
									"look_distance": 4,
									"probability": 0.2
								},
								"minecraft:behavior.random_look_around": {
									"priority": 8
								},
								"minecraft:physics": {
									"has_collision": true,
									"has_gravity": true
								},
								"minecraft:can_climb": {},
								"minecraft:jump.static": {},
								"minecraft:behavior.random_stroll": {
									"priority": 5,
									"speed_multiplier": 0.8
								},
								"minecraft:pushable": {
									"is_pushable": true,
									"is_pushable_by_piston": true
								},
								"minecraft:behavior.float": {
									"priority": 0
								},
								"minecraft:loot": {
									"table": "loot_tables/rock_geko_loot.json"
								},
								"minecraft:leashable": {
									"soft_distance": 4,
									"hard_distance": 6,
									"max_distance": 10,
									"can_be_stolen": true
								}
							},
							"events": {
								"minecraft:entity_spawned": {
									"sequence": [
										{
											"randomize": [
												{
													"weight": 56,
													"add": {
														"component_groups": [
															"ores:basalt"
														]
													}
												},
												{
													"weight": 50,
													"add": {
														"component_groups": [
															"ores:gravel"
														]
													}
												},
												{
													"weight": 55,
													"remove": {},
													"add": {
														"component_groups": [
															"ores:adult",
															"ores:wild"
														]
													}
												},
												{
													"weight": 5,
													"remove": {},
													"add": {
														"component_groups": [
															"ores:is_baby",
															"ores:wild"
														]
													}
												}
											]
										}
									]
								},
								"minecraft:entity_born": {
									"remove": {},
									"add": {
										"component_groups": [
											"ores:is_baby",
											"ores:wild"
										]
									}
								},
								"minecraft:ageable_grow_up": {
									"remove": {
										"component_groups": [
											"ores:is_baby"
										]
									},
									"add": {
										"component_groups": [
											"ores:adult"
										]
									}
								},
								"minecraft:on_tame": {
									"remove": {
										"component_groups": [
											"ores:wild"
										]
									},
									"add": {
										"component_groups": [
											"ores:tamed"
										]
									}
								}
							}
						},
						"key": "component_groups",
						"children": [
							{
								"key": "ores:is_baby",
								"is_minified": true,
								"children": {
									"minecraft:scale": {
										"value": 0.3
									},
									"minecraft:ageable": {
										"duration": 1200,
										"feed_items": [
											"ores:glowing_grape"
										],
										"grow_up": {
											"event": "minecraft:ageable_grow_up",
											"target": "self"
										}
									},
									"minecraft:behavior.follow_parent": {
										"priority": 5,
										"speed_multiplier": 1
									},
									"minecraft:is_baby": {}
								}
							},
							{
								"open": {
									"ores:is_baby": {
										"minecraft:scale": {
											"value": 0.3
										},
										"minecraft:ageable": {
											"duration": 1200,
											"feed_items": [
												"ores:glowing_grape"
											],
											"grow_up": {
												"event": "minecraft:ageable_grow_up",
												"target": "self"
											}
										},
										"minecraft:behavior.follow_parent": {
											"priority": 5,
											"speed_multiplier": 1
										},
										"minecraft:is_baby": {}
									},
									"ores:adult": {
										"minecraft:experience_reward": {
											"on_bred": "math.random(1,3)",
											"on_death": "query.last_hit_by_player ? math.random(1,2) : 0"
										},
										"minecraft:breedable": {
											"require_tame": false,
											"breeds_with": {
												"mate_type": "ores:rock_gecko",
												"baby_type": "ores:rock_gecko",
												"breed_event": {
													"event": "minecraft:entity_born",
													"target": "baby"
												}
											},
											"breed_items": [
												"ores:glowing_grape"
											]
										},
										"minecraft:behavior.breed": {
											"priority": 3,
											"speed_multiplier": 1
										}
									},
									"ores:wild": {
										"minecraft:tameable": {
											"probability": 0.3,
											"tame_items": [
												"ores:roots"
											],
											"tame_event": {
												"event": "minecraft:on_tame",
												"target": "self"
											}
										},
										"minecraft:breedable": {
											"require_tame": false,
											"breeds_with": {
												"mate_type": "ores:rock_gecko",
												"baby_type": "ores:rock_gecko",
												"breed_event": {
													"event": "minecraft:entity_born",
													"target": "baby"
												}
											},
											"breed_items": [
												"ores:glowing_grape"
											]
										},
										"minecraft:behavior.breed": {
											"priority": 3,
											"speed_multiplier": 1
										},
										"minecraft:scale": {
											"value": 2
										}
									},
									"ores:tamed": {
										"minecraft:inventory": {
											"container_type": "minecart_hopper",
											"inventory_size": 5,
											"restrict_to_owner": false
										}
									},
									"ores:basalt": {
										"minecraft:variant": {
											"value": 0
										}
									},
									"ores:gravel": {
										"minecraft:variant": {
											"value": 1
										}
									}
								},
								"key": "ores:adult",
								"children": [
									{
										"key": "minecraft:experience_reward",
										"is_minified": true,
										"children": {
											"on_bred": "math.random(1,3)",
											"on_death": "query.last_hit_by_player ? math.random(1,2) : 0"
										}
									},
									{
										"key": "minecraft:breedable",
										"children": [
											{
												"data": "false",
												"key": "require_tame"
											},
											{
												"key": "breeds_with",
												"is_minified": true,
												"children": {
													"mate_type": "ores:rock_gecko",
													"baby_type": "ores:rock_gecko",
													"breed_event": {
														"event": "minecraft:entity_born",
														"target": "baby"
													}
												}
											},
											{
												"open": {
													"require_tame": false,
													"breeds_with": {
														"mate_type": "ores:rock_gecko",
														"baby_type": "ores:rock_gecko",
														"breed_event": {
															"event": "minecraft:entity_born",
															"target": "baby"
														}
													},
													"breed_items": [
														"ores:glowing_grape"
													]
												},
												"key": "breed_items",
												"is_minified": true,
												"children": [
													"ores:glowing_grape"
												]
											}
										]
									},
									{
										"key": "minecraft:behavior.breed",
										"is_minified": true,
										"children": {
											"priority": 3,
											"speed_multiplier": 1
										}
									}
								]
							},
							{
								"key": "ores:wild",
								"children": [
									{
										"key": "minecraft:tameable",
										"children": [
											{
												"data": "0.3",
												"key": "probability"
											},
											{
												"open": {
													"probability": 0.3,
													"tame_items": [
														"ores:roots"
													],
													"tame_event": {
														"event": "minecraft:on_tame",
														"target": "self"
													}
												},
												"key": "tame_items",
												"is_minified": true,
												"children": [
													"ores:roots"
												]
											},
											{
												"open": {
													"probability": 0.3,
													"tame_items": [
														"ores:roots"
													],
													"tame_event": {
														"event": "minecraft:on_tame",
														"target": "self"
													}
												},
												"key": "tame_event",
												"is_minified": true,
												"children": {
													"event": "minecraft:on_tame",
													"target": "self"
												}
											}
										]
									},
									{
										"key": "minecraft:breedable",
										"is_minified": true,
										"children": {
											"require_tame": false,
											"breeds_with": {
												"mate_type": "ores:rock_gecko",
												"baby_type": "ores:rock_gecko",
												"breed_event": {
													"event": "minecraft:entity_born",
													"target": "baby"
												}
											},
											"breed_items": [
												"ores:glowing_grape"
											]
										}
									},
									{
										"key": "minecraft:behavior.breed",
										"is_minified": true,
										"children": {
											"priority": 3,
											"speed_multiplier": 1
										}
									},
									{
										"key": "minecraft:scale",
										"is_minified": true,
										"children": {
											"value": 2
										}
									}
								]
							},
							{
								"key": "ores:tamed",
								"children": [
									{
										"open": {
											"minecraft:inventory": {
												"container_type": "minecart_hopper",
												"inventory_size": 5,
												"restrict_to_owner": false
											}
										},
										"key": "minecraft:inventory",
										"is_minified": true,
										"children": {
											"container_type": "minecart_hopper",
											"inventory_size": 5,
											"restrict_to_owner": false
										}
									}
								]
							},
							{
								"key": "ores:basalt",
								"children": [
									{
										"open": {
											"minecraft:variant": {
												"value": 0
											}
										},
										"key": "minecraft:variant",
										"is_minified": true,
										"children": {
											"value": 0
										}
									}
								]
							},
							{
								"key": "ores:gravel",
								"children": [
									{
										"open": {
											"minecraft:variant": {
												"value": 1
											}
										},
										"key": "minecraft:variant",
										"is_minified": true,
										"children": {
											"value": 1
										}
									}
								]
							}
						]
					},
					{
						"open": {
							"description": {
								"identifier": "ores:rock_gecko",
								"runtime_identifier": "minecraft:fox",
								"is_summonable": true,
								"is_spawnable": true
							},
							"component_groups": {
								"ores:is_baby": {
									"minecraft:scale": {
										"value": 0.3
									},
									"minecraft:ageable": {
										"duration": 1200,
										"feed_items": [
											"ores:glowing_grape"
										],
										"grow_up": {
											"event": "minecraft:ageable_grow_up",
											"target": "self"
										}
									},
									"minecraft:behavior.follow_parent": {
										"priority": 5,
										"speed_multiplier": 1
									},
									"minecraft:is_baby": {}
								},
								"ores:adult": {
									"minecraft:experience_reward": {
										"on_bred": "math.random(1,3)",
										"on_death": "query.last_hit_by_player ? math.random(1,2) : 0"
									},
									"minecraft:breedable": {
										"require_tame": false,
										"breeds_with": {
											"mate_type": "ores:rock_gecko",
											"baby_type": "ores:rock_gecko",
											"breed_event": {
												"event": "minecraft:entity_born",
												"target": "baby"
											}
										},
										"breed_items": [
											"ores:glowing_grape"
										]
									},
									"minecraft:behavior.breed": {
										"priority": 3,
										"speed_multiplier": 1
									}
								},
								"ores:wild": {
									"minecraft:tameable": {
										"probability": 0.3,
										"tame_items": [
											"ores:roots"
										],
										"tame_event": {
											"event": "minecraft:on_tame",
											"target": "self"
										}
									},
									"minecraft:breedable": {
										"require_tame": false,
										"breeds_with": {
											"mate_type": "ores:rock_gecko",
											"baby_type": "ores:rock_gecko",
											"breed_event": {
												"event": "minecraft:entity_born",
												"target": "baby"
											}
										},
										"breed_items": [
											"ores:glowing_grape"
										]
									},
									"minecraft:behavior.breed": {
										"priority": 3,
										"speed_multiplier": 1
									},
									"minecraft:scale": {
										"value": 2
									}
								},
								"ores:tamed": {
									"minecraft:inventory": {
										"container_type": "minecart_hopper",
										"inventory_size": 5,
										"restrict_to_owner": false
									}
								},
								"ores:basalt": {
									"minecraft:variant": {
										"value": 0
									}
								},
								"ores:gravel": {
									"minecraft:variant": {
										"value": 1
									}
								}
							},
							"components": {
								"minecraft:collision_box": {
									"width": 0.2,
									"height": 0.2
								},
								"minecraft:nameable": {
									"allow_name_tag_renaming": true
								},
								"minecraft:health": {
									"value": 6,
									"max": 6
								},
								"minecraft:movement": {
									"value": 0.25
								},
								"minecraft:navigation.walk": {
									"avoid_sun": false,
									"avoid_portals": true,
									"avoid_powder_snow": false,
									"can_break_doors": false,
									"can_open_doors": false,
									"can_pass_doors": false,
									"can_path_over_water": false,
									"can_path_over_lava": false,
									"can_path_from_air": false,
									"can_sink": false,
									"can_walk_in_lava": true,
									"is_amphibious": false,
									"avoid_water": true
								},
								"minecraft:movement.basic": {},
								"minecraft:behavior.panic": {
									"priority": 1,
									"speed_multiplier": 2,
									"damage_sources": "all",
									"force": false,
									"prefer_water": false,
									"ignore_mob_damage": false
								},
								"minecraft:behavior.tempt": {
									"priority": 6,
									"speed_multiplier": 0.5,
									"items": [
										"ores:glowing_grape"
									]
								},
								"minecraft:behavior.look_at_player": {
									"priority": 7,
									"look_distance": 4,
									"probability": 0.2
								},
								"minecraft:behavior.random_look_around": {
									"priority": 8
								},
								"minecraft:physics": {
									"has_collision": true,
									"has_gravity": true
								},
								"minecraft:can_climb": {},
								"minecraft:jump.static": {},
								"minecraft:behavior.random_stroll": {
									"priority": 5,
									"speed_multiplier": 0.8
								},
								"minecraft:pushable": {
									"is_pushable": true,
									"is_pushable_by_piston": true
								},
								"minecraft:behavior.float": {
									"priority": 0
								},
								"minecraft:loot": {
									"table": "loot_tables/rock_geko_loot.json"
								},
								"minecraft:leashable": {
									"soft_distance": 4,
									"hard_distance": 6,
									"max_distance": 10,
									"can_be_stolen": true
								}
							},
							"events": {
								"minecraft:entity_spawned": {
									"sequence": [
										{
											"randomize": [
												{
													"weight": 56,
													"add": {
														"component_groups": [
															"ores:basalt"
														]
													}
												},
												{
													"weight": 50,
													"add": {
														"component_groups": [
															"ores:gravel"
														]
													}
												},
												{
													"weight": 55,
													"remove": {},
													"add": {
														"component_groups": [
															"ores:adult",
															"ores:wild"
														]
													}
												},
												{
													"weight": 5,
													"remove": {},
													"add": {
														"component_groups": [
															"ores:is_baby",
															"ores:wild"
														]
													}
												}
											]
										}
									]
								},
								"minecraft:entity_born": {
									"remove": {},
									"add": {
										"component_groups": [
											"ores:is_baby",
											"ores:wild"
										]
									}
								},
								"minecraft:ageable_grow_up": {
									"remove": {
										"component_groups": [
											"ores:is_baby"
										]
									},
									"add": {
										"component_groups": [
											"ores:adult"
										]
									}
								},
								"minecraft:on_tame": {
									"remove": {
										"component_groups": [
											"ores:wild"
										]
									},
									"add": {
										"component_groups": [
											"ores:tamed"
										]
									}
								}
							}
						},
						"key": "components",
						"children": [
							{
								"key": "minecraft:collision_box",
								"is_minified": true,
								"children": {
									"width": 0.2,
									"height": 0.2
								}
							},
							{
								"key": "minecraft:nameable",
								"is_minified": true,
								"children": {
									"allow_name_tag_renaming": true
								}
							},
							{
								"key": "minecraft:health",
								"is_minified": true,
								"children": {
									"value": 6,
									"max": 6
								}
							},
							{
								"key": "minecraft:movement",
								"is_minified": true,
								"children": {
									"value": 0.25
								}
							},
							{
								"key": "minecraft:navigation.walk",
								"is_minified": true,
								"children": {
									"avoid_sun": false,
									"avoid_portals": true,
									"avoid_powder_snow": false,
									"can_break_doors": false,
									"can_open_doors": false,
									"can_pass_doors": false,
									"can_path_over_water": false,
									"can_path_over_lava": false,
									"can_path_from_air": false,
									"can_sink": false,
									"can_walk_in_lava": true,
									"is_amphibious": false,
									"avoid_water": true
								}
							},
							{
								"key": "minecraft:movement.basic",
								"is_minified": true,
								"children": {}
							},
							{
								"key": "minecraft:behavior.panic",
								"is_minified": true,
								"children": {
									"priority": 1,
									"speed_multiplier": 2,
									"damage_sources": "all",
									"force": false,
									"prefer_water": false,
									"ignore_mob_damage": false
								}
							},
							{
								"key": "minecraft:behavior.tempt",
								"children": [
									{
										"data": "6",
										"key": "priority"
									},
									{
										"data": "0.5",
										"key": "speed_multiplier"
									},
									{
										"open": {
											"priority": 6,
											"speed_multiplier": 0.5,
											"items": [
												"ores:glowing_grape"
											]
										},
										"key": "items",
										"is_minified": true,
										"children": [
											"ores:glowing_grape"
										]
									}
								]
							},
							{
								"key": "minecraft:behavior.look_at_player",
								"is_minified": true,
								"children": {
									"priority": 7,
									"look_distance": 4,
									"probability": 0.2
								}
							},
							{
								"key": "minecraft:behavior.random_look_around",
								"is_minified": true,
								"children": {
									"priority": 8
								}
							},
							{
								"key": "minecraft:physics",
								"is_minified": true,
								"children": {
									"has_collision": true,
									"has_gravity": true
								}
							},
							{
								"open": {
									"minecraft:collision_box": {
										"width": 0.2,
										"height": 0.2
									},
									"minecraft:nameable": {
										"allow_name_tag_renaming": true
									},
									"minecraft:health": {
										"value": 6,
										"max": 6
									},
									"minecraft:movement": {
										"value": 0.25
									},
									"minecraft:navigation.walk": {
										"avoid_sun": false,
										"avoid_portals": true,
										"avoid_powder_snow": false,
										"can_break_doors": false,
										"can_open_doors": false,
										"can_pass_doors": false,
										"can_path_over_water": false,
										"can_path_over_lava": false,
										"can_path_from_air": false,
										"can_sink": false,
										"can_walk_in_lava": true,
										"is_amphibious": false,
										"avoid_water": true
									},
									"minecraft:movement.basic": {},
									"minecraft:behavior.panic": {
										"priority": 1,
										"speed_multiplier": 2,
										"damage_sources": "all",
										"force": false,
										"prefer_water": false,
										"ignore_mob_damage": false
									},
									"minecraft:behavior.tempt": {
										"priority": 6,
										"speed_multiplier": 0.5,
										"items": [
											"ores:glowing_grape"
										]
									},
									"minecraft:behavior.look_at_player": {
										"priority": 7,
										"look_distance": 4,
										"probability": 0.2
									},
									"minecraft:behavior.random_look_around": {
										"priority": 8
									},
									"minecraft:physics": {
										"has_collision": true,
										"has_gravity": true
									},
									"minecraft:can_climb": {},
									"minecraft:jump.static": {},
									"minecraft:behavior.random_stroll": {
										"priority": 5,
										"speed_multiplier": 0.8
									},
									"minecraft:pushable": {
										"is_pushable": true,
										"is_pushable_by_piston": true
									},
									"minecraft:behavior.float": {
										"priority": 0
									},
									"minecraft:loot": {
										"table": "loot_tables/rock_geko_loot.json"
									},
									"minecraft:leashable": {
										"soft_distance": 4,
										"hard_distance": 6,
										"max_distance": 10,
										"can_be_stolen": true
									}
								},
								"key": "minecraft:can_climb",
								"is_minified": true,
								"children": {}
							},
							{
								"key": "minecraft:jump.static",
								"is_minified": true,
								"children": {}
							},
							{
								"key": "minecraft:behavior.random_stroll",
								"is_minified": true,
								"children": {
									"priority": 5,
									"speed_multiplier": 0.8
								}
							},
							{
								"key": "minecraft:pushable",
								"is_minified": true,
								"children": {
									"is_pushable": true,
									"is_pushable_by_piston": true
								}
							},
							{
								"key": "minecraft:behavior.float",
								"is_minified": true,
								"children": {
									"priority": 0
								}
							},
							{
								"key": "minecraft:loot",
								"is_minified": true,
								"children": {
									"table": "loot_tables/rock_geko_loot.json"
								}
							},
							{
								"key": "minecraft:leashable",
								"is_minified": true,
								"children": {
									"soft_distance": 4,
									"hard_distance": 6,
									"max_distance": 10,
									"can_be_stolen": true
								}
							}
						]
					},
					{
						"key": "events",
						"children": [
							{
								"open": {
									"minecraft:entity_spawned": {
										"sequence": [
											{
												"randomize": [
													{
														"weight": 56,
														"add": {
															"component_groups": [
																"ores:basalt"
															]
														}
													},
													{
														"weight": 50,
														"add": {
															"component_groups": [
																"ores:gravel"
															]
														}
													},
													{
														"weight": 55,
														"remove": {},
														"add": {
															"component_groups": [
																"ores:adult",
																"ores:wild"
															]
														}
													},
													{
														"weight": 5,
														"remove": {},
														"add": {
															"component_groups": [
																"ores:is_baby",
																"ores:wild"
															]
														}
													}
												]
											}
										]
									},
									"minecraft:entity_born": {
										"remove": {},
										"add": {
											"component_groups": [
												"ores:is_baby",
												"ores:wild"
											]
										}
									},
									"minecraft:ageable_grow_up": {
										"remove": {
											"component_groups": [
												"ores:is_baby"
											]
										},
										"add": {
											"component_groups": [
												"ores:adult"
											]
										}
									},
									"minecraft:on_tame": {
										"remove": {
											"component_groups": [
												"ores:wild"
											]
										},
										"add": {
											"component_groups": [
												"ores:tamed"
											]
										}
									}
								},
								"key": "minecraft:entity_spawned",
								"children": [
									{
										"open": {
											"sequence": [
												{
													"randomize": [
														{
															"weight": 56,
															"add": {
																"component_groups": [
																	"ores:basalt"
																]
															}
														},
														{
															"weight": 50,
															"add": {
																"component_groups": [
																	"ores:gravel"
																]
															}
														},
														{
															"weight": 55,
															"remove": {},
															"add": {
																"component_groups": [
																	"ores:adult",
																	"ores:wild"
																]
															}
														},
														{
															"weight": 5,
															"remove": {},
															"add": {
																"component_groups": [
																	"ores:is_baby",
																	"ores:wild"
																]
															}
														}
													]
												}
											]
										},
										"key": "sequence",
										"children": [
											{
												"open": [
													{
														"randomize": [
															{
																"weight": 56,
																"add": {
																	"component_groups": [
																		"ores:basalt"
																	]
																}
															},
															{
																"weight": 50,
																"add": {
																	"component_groups": [
																		"ores:gravel"
																	]
																}
															},
															{
																"weight": 55,
																"remove": {},
																"add": {
																	"component_groups": [
																		"ores:adult",
																		"ores:wild"
																	]
																}
															},
															{
																"weight": 5,
																"remove": {},
																"add": {
																	"component_groups": [
																		"ores:is_baby",
																		"ores:wild"
																	]
																}
															}
														]
													}
												],
												"children": [
													{
														"open": {
															"randomize": [
																{
																	"weight": 56,
																	"add": {
																		"component_groups": [
																			"ores:basalt"
																		]
																	}
																},
																{
																	"weight": 50,
																	"add": {
																		"component_groups": [
																			"ores:gravel"
																		]
																	}
																},
																{
																	"weight": 55,
																	"remove": {},
																	"add": {
																		"component_groups": [
																			"ores:adult",
																			"ores:wild"
																		]
																	}
																},
																{
																	"weight": 5,
																	"remove": {},
																	"add": {
																		"component_groups": [
																			"ores:is_baby",
																			"ores:wild"
																		]
																	}
																}
															]
														},
														"key": "randomize",
														"children": [
															{
																"open": [
																	{
																		"weight": 56,
																		"add": {
																			"component_groups": [
																				"ores:basalt"
																			]
																		}
																	},
																	{
																		"weight": 50,
																		"add": {
																			"component_groups": [
																				"ores:gravel"
																			]
																		}
																	},
																	{
																		"weight": 55,
																		"remove": {},
																		"add": {
																			"component_groups": [
																				"ores:adult",
																				"ores:wild"
																			]
																		}
																	},
																	{
																		"weight": 5,
																		"remove": {},
																		"add": {
																			"component_groups": [
																				"ores:is_baby",
																				"ores:wild"
																			]
																		}
																	}
																],
																"children": [
																	{
																		"data": "56",
																		"key": "weight"
																	},
																	{
																		"open": {
																			"weight": 56,
																			"add": {
																				"component_groups": [
																					"ores:basalt"
																				]
																			}
																		},
																		"key": "add",
																		"children": [
																			{
																				"open": {
																					"component_groups": [
																						"ores:basalt"
																					]
																				},
																				"key": "component_groups",
																				"is_minified": true,
																				"children": [
																					"ores:basalt"
																				]
																			}
																		]
																	}
																]
															},
															{
																"open": [
																	{
																		"weight": 56,
																		"add": {
																			"component_groups": [
																				"ores:basalt"
																			]
																		}
																	},
																	{
																		"weight": 50,
																		"add": {
																			"component_groups": [
																				"ores:gravel"
																			]
																		}
																	},
																	{
																		"weight": 55,
																		"remove": {},
																		"add": {
																			"component_groups": [
																				"ores:adult",
																				"ores:wild"
																			]
																		}
																	},
																	{
																		"weight": 5,
																		"remove": {},
																		"add": {
																			"component_groups": [
																				"ores:is_baby",
																				"ores:wild"
																			]
																		}
																	}
																],
																"children": [
																	{
																		"data": "50",
																		"key": "weight"
																	},
																	{
																		"open": {
																			"weight": 50,
																			"add": {
																				"component_groups": [
																					"ores:gravel"
																				]
																			}
																		},
																		"key": "add",
																		"children": [
																			{
																				"open": {
																					"component_groups": [
																						"ores:gravel"
																					]
																				},
																				"key": "component_groups",
																				"is_minified": true,
																				"children": [
																					"ores:gravel"
																				]
																			}
																		]
																	}
																]
															},
															{
																"open": [
																	{
																		"weight": 56,
																		"add": {
																			"component_groups": [
																				"ores:basalt"
																			]
																		}
																	},
																	{
																		"weight": 50,
																		"add": {
																			"component_groups": [
																				"ores:gravel"
																			]
																		}
																	},
																	{
																		"weight": 55,
																		"remove": {},
																		"add": {
																			"component_groups": [
																				"ores:adult",
																				"ores:wild"
																			]
																		}
																	},
																	{
																		"weight": 5,
																		"remove": {},
																		"add": {
																			"component_groups": [
																				"ores:is_baby",
																				"ores:wild"
																			]
																		}
																	}
																],
																"children": [
																	{
																		"data": "55",
																		"key": "weight"
																	},
																	{
																		"key": "remove",
																		"is_minified": true,
																		"children": {}
																	},
																	{
																		"open": {
																			"weight": 55,
																			"remove": {},
																			"add": {
																				"component_groups": [
																					"ores:adult",
																					"ores:wild"
																				]
																			}
																		},
																		"key": "add",
																		"children": [
																			{
																				"open": {
																					"component_groups": [
																						"ores:adult",
																						"ores:wild"
																					]
																				},
																				"key": "component_groups",
																				"is_minified": true,
																				"children": [
																					"ores:adult",
																					"ores:wild"
																				]
																			}
																		]
																	}
																]
															},
															{
																"open": [
																	{
																		"weight": 56,
																		"add": {
																			"component_groups": [
																				"ores:basalt"
																			]
																		}
																	},
																	{
																		"weight": 50,
																		"add": {
																			"component_groups": [
																				"ores:gravel"
																			]
																		}
																	},
																	{
																		"weight": 55,
																		"remove": {},
																		"add": {
																			"component_groups": [
																				"ores:adult",
																				"ores:wild"
																			]
																		}
																	},
																	{
																		"weight": 5,
																		"remove": {},
																		"add": {
																			"component_groups": [
																				"ores:is_baby",
																				"ores:wild"
																			]
																		}
																	}
																],
																"children": [
																	{
																		"data": "5",
																		"key": "weight"
																	},
																	{
																		"key": "remove",
																		"is_minified": true,
																		"children": {}
																	},
																	{
																		"open": {
																			"weight": 5,
																			"remove": {},
																			"add": {
																				"component_groups": [
																					"ores:is_baby",
																					"ores:wild"
																				]
																			}
																		},
																		"key": "add",
																		"children": [
																			{
																				"open": {
																					"component_groups": [
																						"ores:is_baby",
																						"ores:wild"
																					]
																				},
																				"key": "component_groups",
																				"is_minified": true,
																				"children": [
																					"ores:is_baby",
																					"ores:wild"
																				]
																			}
																		]
																	}
																]
															}
														]
													}
												]
											}
										]
									}
								]
							},
							{
								"key": "minecraft:entity_born",
								"children": [
									{
										"key": "remove",
										"is_minified": true,
										"children": {}
									},
									{
										"open": {
											"remove": {},
											"add": {
												"component_groups": [
													"ores:is_baby",
													"ores:wild"
												]
											}
										},
										"key": "add",
										"children": [
											{
												"open": {
													"component_groups": [
														"ores:is_baby",
														"ores:wild"
													]
												},
												"key": "component_groups",
												"is_minified": true,
												"children": [
													"ores:is_baby",
													"ores:wild"
												]
											}
										]
									}
								]
							},
							{
								"key": "minecraft:ageable_grow_up",
								"children": [
									{
										"open": {
											"remove": {
												"component_groups": [
													"ores:is_baby"
												]
											},
											"add": {
												"component_groups": [
													"ores:adult"
												]
											}
										},
										"key": "remove",
										"children": [
											{
												"open": {
													"component_groups": [
														"ores:is_baby"
													]
												},
												"key": "component_groups",
												"is_minified": true,
												"children": [
													"ores:is_baby"
												]
											}
										]
									},
									{
										"open": {
											"remove": {
												"component_groups": [
													"ores:is_baby"
												]
											},
											"add": {
												"component_groups": [
													"ores:adult"
												]
											}
										},
										"key": "add",
										"children": [
											{
												"open": {
													"component_groups": [
														"ores:adult"
													]
												},
												"key": "component_groups",
												"is_minified": true,
												"children": [
													"ores:adult"
												]
											}
										]
									}
								]
							},
							{
								"key": "minecraft:on_tame",
								"children": [
									{
										"open": {
											"remove": {
												"component_groups": [
													"ores:wild"
												]
											},
											"add": {
												"component_groups": [
													"ores:tamed"
												]
											}
										},
										"key": "remove",
										"children": [
											{
												"open": {
													"component_groups": [
														"ores:wild"
													]
												},
												"key": "component_groups",
												"is_minified": true,
												"children": [
													"ores:wild"
												]
											}
										]
									},
									{
										"open": {
											"remove": {
												"component_groups": [
													"ores:wild"
												]
											},
											"add": {
												"component_groups": [
													"ores:tamed"
												]
											}
										},
										"key": "add",
										"children": [
											{
												"open": {
													"component_groups": [
														"ores:tamed"
													]
												},
												"key": "component_groups",
												"is_minified": true,
												"children": [
													"ores:tamed"
												]
											}
										]
									}
								]
							}
						]
					}
				]
			}
		]
	}
}