{
	"file_path": "C:\\Users\\Jacob\\AppData\\Local\\Packages\\Microsoft.MinecraftUWP_8wekyb3d8bbwe\\LocalState\\games\\com.mojang\\development_behavior_packs\\Cave Enhancements BP\\blocks\\alloy_foundry.json",
	"file_type": "block",
	"format_version": 1,
	"file_uuid": "fb7caf1d_172b_4cf8_a526_a3a00c64d4d4",
	"file_version": 2,
	"cache_content": {
		"children": [
			{
				"data": "1.16.200",
				"key": "format_version"
			},
			{
				"open": {
					"format_version": "1.16.200",
					"minecraft:block": {
						"description": {
							"identifier": "ores:alloy_foundry"
						},
						"components": {
							"minecraft:destroy_time": 8,
							"minecraft:explosion_resistance": 4,
							"minecraft:loot": "loot_tables/alloy_loot.json",
							"bridge:rotate_on_place": {
								"rotation_from": "player"
							},
							"minecraft:crafting_table": {
								"custom_description": "Alloy Foundry",
								"grid_size": 3,
								"crafting_tags": [
									"alloy"
								]
							},
							"minecraft:material_instances": {
								"*": {
									"texture": "alloy",
									"render_method": "alpha_test"
								}
							},
							"minecraft:geometry": "geometry.alloy"
						}
					}
				},
				"key": "minecraft:block",
				"children": [
					{
						"open": {
							"description": {
								"identifier": "ores:alloy_foundry"
							},
							"components": {
								"minecraft:destroy_time": 8,
								"minecraft:explosion_resistance": 4,
								"minecraft:loot": "loot_tables/alloy_loot.json",
								"bridge:rotate_on_place": {
									"rotation_from": "player"
								},
								"minecraft:crafting_table": {
									"custom_description": "Alloy Foundry",
									"grid_size": 3,
									"crafting_tags": [
										"alloy"
									]
								},
								"minecraft:material_instances": {
									"*": {
										"texture": "alloy",
										"render_method": "alpha_test"
									}
								},
								"minecraft:geometry": "geometry.alloy"
							}
						},
						"key": "description",
						"is_minified": true,
						"children": {
							"identifier": "ores:alloy_foundry"
						}
					},
					{
						"open": {
							"description": {
								"identifier": "ores:alloy_foundry"
							},
							"components": {
								"minecraft:destroy_time": 8,
								"minecraft:explosion_resistance": 4,
								"minecraft:loot": "loot_tables/alloy_loot.json",
								"bridge:rotate_on_place": {
									"rotation_from": "player"
								},
								"minecraft:crafting_table": {
									"custom_description": "Alloy Foundry",
									"grid_size": 3,
									"crafting_tags": [
										"alloy"
									]
								},
								"minecraft:material_instances": {
									"*": {
										"texture": "alloy",
										"render_method": "alpha_test"
									}
								},
								"minecraft:geometry": "geometry.alloy"
							}
						},
						"key": "components",
						"children": [
							{
								"data": "8",
								"key": "minecraft:destroy_time"
							},
							{
								"data": "4",
								"key": "minecraft:explosion_resistance"
							},
							{
								"data": "loot_tables/alloy_loot.json",
								"key": "minecraft:loot"
							},
							{
								"key": "bridge:rotate_on_place",
								"is_minified": true,
								"children": {
									"rotation_from": "player"
								}
							},
							{
								"open": {
									"minecraft:destroy_time": 8,
									"minecraft:explosion_resistance": 4,
									"minecraft:loot": "loot_tables/alloy_loot.json",
									"bridge:rotate_on_place": {
										"rotation_from": "player"
									},
									"minecraft:crafting_table": {
										"custom_description": "Alloy Foundry",
										"grid_size": 3,
										"crafting_tags": [
											"alloy"
										]
									},
									"minecraft:material_instances": {
										"*": {
											"texture": "alloy",
											"render_method": "alpha_test"
										}
									},
									"minecraft:geometry": "geometry.alloy"
								},
								"key": "minecraft:crafting_table",
								"children": [
									{
										"data": "Alloy Foundry",
										"key": "custom_description"
									},
									{
										"data": "3",
										"key": "grid_size"
									},
									{
										"open": {
											"custom_description": "Alloy Foundry",
											"grid_size": 3,
											"crafting_tags": [
												"alloy"
											]
										},
										"key": "crafting_tags",
										"is_minified": true,
										"children": [
											"alloy"
										]
									}
								]
							},
							{
								"open": {
									"minecraft:destroy_time": 8,
									"minecraft:explosion_resistance": 4,
									"minecraft:loot": "loot_tables/alloy_loot.json",
									"bridge:rotate_on_place": {
										"rotation_from": "player"
									},
									"minecraft:crafting_table": {
										"custom_description": "Alloy Foundry",
										"grid_size": 3,
										"crafting_tags": [
											"alloy"
										]
									},
									"minecraft:material_instances": {
										"*": {
											"texture": "alloy",
											"render_method": "alpha_test"
										}
									},
									"minecraft:geometry": "geometry.alloy"
								},
								"key": "minecraft:material_instances",
								"children": [
									{
										"open": {
											"*": {
												"texture": "alloy",
												"render_method": "alpha_test"
											}
										},
										"key": "*",
										"is_minified": true,
										"children": {
											"texture": "alloy",
											"render_method": "alpha_test"
										}
									}
								]
							},
							{
								"data": "geometry.alloy",
								"key": "minecraft:geometry"
							}
						]
					}
				]
			}
		]
	}
}