{
	"file_path": "C:\\Users\\Jacob\\AppData\\Local\\Packages\\Microsoft.MinecraftUWP_8wekyb3d8bbwe\\LocalState\\games\\com.mojang\\development_behavior_packs\\Cave Enhancements BP\\blocks\\black_opal_ore.json",
	"file_type": "block",
	"format_version": 1,
	"file_uuid": "150ba5cc_7138_4cce_8291_a13df8178ec1",
	"file_version": 4,
	"cache_content": {
		"children": [
			{
				"open": {
					"format_version": "1.16.100",
					"minecraft:block": {
						"description": {
							"identifier": "ores:black_opal_ore",
							"is_experimental": false
						},
						"components": {
							"minecraft:destroy_time": 3000,
							"minecraft:block_light_emission": 0.3,
							"minecraft:friction": 2,
							"minecraft:explosion_resistance": 100,
							"minecraft:loot": "loot_tables/black_opal_loot.json",
							"minecraft:on_player_destroyed": {
								"event": "destroy"
							}
						},
						"tag:ores:hard": {},
						"events": {
							"destroy": {
								"run_command": {
									"command": [
										"summon xp_orb",
										"summon xp_orb",
										"summon xp_orb",
										"summon xp_orb"
									]
								}
							}
						}
					}
				},
				"data": "1.16.100",
				"key": "format_version"
			},
			{
				"open": {
					"format_version": "1.16.100",
					"minecraft:block": {
						"description": {
							"identifier": "ores:black_opal_ore",
							"is_experimental": false
						},
						"components": {
							"minecraft:destroy_time": 3000,
							"minecraft:block_light_emission": 0.3,
							"minecraft:friction": 2,
							"minecraft:explosion_resistance": 100,
							"minecraft:loot": "loot_tables/black_opal_loot.json",
							"minecraft:on_player_destroyed": {
								"event": "destroy"
							}
						},
						"tag:ores:hard": {},
						"events": {
							"destroy": {
								"run_command": {
									"command": [
										"summon xp_orb",
										"summon xp_orb",
										"summon xp_orb",
										"summon xp_orb"
									]
								}
							}
						}
					}
				},
				"key": "minecraft:block",
				"children": [
					{
						"key": "description",
						"is_minified": true,
						"children": {
							"identifier": "ores:black_opal_ore",
							"is_experimental": false
						}
					},
					{
						"key": "components",
						"children": [
							{
								"open": {
									"minecraft:destroy_time": 3000,
									"minecraft:block_light_emission": 0.3,
									"minecraft:friction": 2,
									"minecraft:explosion_resistance": 100,
									"minecraft:loot": "loot_tables/black_opal_loot.json",
									"minecraft:on_player_destroyed": {
										"event": "destroy"
									}
								},
								"data": "3000",
								"key": "minecraft:destroy_time"
							},
							{
								"data": "0.3",
								"key": "minecraft:block_light_emission"
							},
							{
								"data": "2",
								"key": "minecraft:friction"
							},
							{
								"data": "100",
								"key": "minecraft:explosion_resistance"
							},
							{
								"data": "loot_tables/black_opal_loot.json",
								"key": "minecraft:loot"
							},
							{
								"open": {
									"minecraft:destroy_time": 3000,
									"minecraft:block_light_emission": 0.3,
									"minecraft:friction": 2,
									"minecraft:explosion_resistance": 100,
									"minecraft:loot": "loot_tables/black_opal_loot.json",
									"minecraft:on_player_destroyed": {
										"event": "destroy"
									}
								},
								"key": "minecraft:on_player_destroyed",
								"is_minified": true,
								"children": {
									"event": "destroy"
								}
							}
						]
					},
					{
						"key": "tag:ores:hard",
						"is_minified": true,
						"children": {}
					},
					{
						"key": "events",
						"children": [
							{
								"open": {
									"destroy": {
										"run_command": {
											"command": [
												"summon xp_orb",
												"summon xp_orb",
												"summon xp_orb",
												"summon xp_orb"
											]
										}
									}
								},
								"key": "destroy",
								"children": [
									{
										"open": {
											"run_command": {
												"command": [
													"summon xp_orb",
													"summon xp_orb",
													"summon xp_orb",
													"summon xp_orb"
												]
											}
										},
										"key": "run_command",
										"children": [
											{
												"open": {
													"command": [
														"summon xp_orb",
														"summon xp_orb",
														"summon xp_orb",
														"summon xp_orb"
													]
												},
												"key": "command",
												"is_minified": true,
												"children": [
													"summon xp_orb",
													"summon xp_orb",
													"summon xp_orb",
													"summon xp_orb"
												]
											}
										]
									}
								]
							}
						]
					}
				]
			}
		]
	}
}