{
	"file_path": "C:\\Users\\Jacob\\AppData\\Local\\Packages\\Microsoft.MinecraftUWP_8wekyb3d8bbwe\\LocalState\\games\\com.mojang\\development_behavior_packs\\Cave Enhancements BP\\blocks\\blue_crystal.json",
	"file_type": "block",
	"format_version": 1,
	"file_uuid": "a9a96b1b_c22e_4979_b85b_58260473e9f4",
	"file_version": 8,
	"cache_content": {
		"children": [
			{
				"data": "1.16.200",
				"key": "format_version"
			},
			{
				"open": {
					"format_version": "1.16.200",
					"minecraft:block": {
						"description": {
							"identifier": "ores:blue_crystal"
						},
						"components": {
							"minecraft:block_light_emission": 1,
							"minecraft:block_light_absorption": 0,
							"minecraft:destroy_time": 7,
							"minecraft:explosion_resistance": 2,
							"minecraft:geometry": "geometry.crystal",
							"minecraft:material_instances": {
								"*": {
									"texture": "bluecrystal",
									"render_method": "alpha_test"
								}
							},
							"minecraft:entity_collision": false,
							"minecraft:placement_filter": {
								"conditions": [
									{
										"block_filter": [
											"minecraft:stone",
											"ores:i_stone",
											"ores:coldstone",
											"ores:s_stone",
											"ores:j_stone"
										],
										"allowed_faces": [
											"up"
										]
									}
								]
							},
							"tag:ores:biomestone": {}
						}
					}
				},
				"key": "minecraft:block",
				"children": [
					{
						"open": {
							"description": {
								"identifier": "ores:blue_crystal"
							},
							"components": {
								"minecraft:block_light_emission": 1,
								"minecraft:block_light_absorption": 0,
								"minecraft:destroy_time": 7,
								"minecraft:explosion_resistance": 2,
								"minecraft:geometry": "geometry.crystal",
								"minecraft:material_instances": {
									"*": {
										"texture": "bluecrystal",
										"render_method": "alpha_test"
									}
								},
								"minecraft:entity_collision": false,
								"minecraft:placement_filter": {
									"conditions": [
										{
											"block_filter": [
												"minecraft:stone",
												"ores:i_stone",
												"ores:coldstone",
												"ores:s_stone",
												"ores:j_stone"
											],
											"allowed_faces": [
												"up"
											]
										}
									]
								},
								"tag:ores:biomestone": {}
							}
						},
						"key": "description",
						"is_minified": true,
						"children": {
							"identifier": "ores:blue_crystal"
						}
					},
					{
						"open": {
							"description": {
								"identifier": "ores:blue_crystal"
							},
							"components": {
								"minecraft:block_light_emission": 1,
								"minecraft:block_light_absorption": 0,
								"minecraft:destroy_time": 7,
								"minecraft:explosion_resistance": 2,
								"minecraft:geometry": "geometry.crystal",
								"minecraft:material_instances": {
									"*": {
										"texture": "bluecrystal",
										"render_method": "alpha_test"
									}
								},
								"minecraft:entity_collision": false,
								"minecraft:placement_filter": {
									"conditions": [
										{
											"block_filter": [
												"minecraft:stone",
												"ores:i_stone",
												"ores:coldstone",
												"ores:s_stone",
												"ores:j_stone"
											],
											"allowed_faces": [
												"up"
											]
										}
									]
								},
								"tag:ores:biomestone": {}
							}
						},
						"key": "components",
						"children": [
							{
								"data": "1",
								"key": "minecraft:block_light_emission"
							},
							{
								"data": "0.0",
								"key": "minecraft:block_light_absorption"
							},
							{
								"data": "7",
								"key": "minecraft:destroy_time"
							},
							{
								"data": "2",
								"key": "minecraft:explosion_resistance"
							},
							{
								"open": {
									"minecraft:block_light_emission": 1,
									"minecraft:block_light_absorption": 0,
									"minecraft:destroy_time": 7,
									"minecraft:explosion_resistance": 2,
									"minecraft:geometry": "geometry.crystal",
									"minecraft:material_instances": {
										"*": {
											"texture": "bluecrystal",
											"render_method": "alpha_test"
										}
									},
									"minecraft:entity_collision": false,
									"minecraft:placement_filter": {
										"conditions": [
											{
												"block_filter": [
													"minecraft:stone",
													"ores:i_stone",
													"ores:coldstone",
													"ores:s_stone",
													"ores:j_stone"
												],
												"allowed_faces": [
													"up"
												]
											}
										]
									},
									"tag:ores:biomestone": {}
								},
								"data": "geometry.crystal",
								"key": "minecraft:geometry"
							},
							{
								"open": {
									"minecraft:block_light_emission": 1,
									"minecraft:block_light_absorption": 0,
									"minecraft:destroy_time": 7,
									"minecraft:explosion_resistance": 2,
									"minecraft:geometry": "geometry.crystal",
									"minecraft:material_instances": {
										"*": {
											"texture": "bluecrystal",
											"render_method": "alpha_test"
										}
									},
									"minecraft:entity_collision": false,
									"minecraft:placement_filter": {
										"conditions": [
											{
												"block_filter": [
													"minecraft:stone",
													"ores:i_stone",
													"ores:coldstone",
													"ores:s_stone",
													"ores:j_stone"
												],
												"allowed_faces": [
													"up"
												]
											}
										]
									},
									"tag:ores:biomestone": {}
								},
								"key": "minecraft:material_instances",
								"children": [
									{
										"open": {
											"*": {
												"texture": "bluecrystal",
												"render_method": "alpha_test"
											}
										},
										"key": "*",
										"is_minified": true,
										"children": {
											"texture": "bluecrystal",
											"render_method": "alpha_test"
										}
									}
								]
							},
							{
								"data": "false",
								"key": "minecraft:entity_collision"
							},
							{
								"open": {
									"minecraft:block_light_emission": 1,
									"minecraft:block_light_absorption": 0,
									"minecraft:destroy_time": 7,
									"minecraft:explosion_resistance": 2,
									"minecraft:geometry": "geometry.crystal",
									"minecraft:material_instances": {
										"*": {
											"texture": "bluecrystal",
											"render_method": "alpha_test"
										}
									},
									"minecraft:entity_collision": false,
									"minecraft:placement_filter": {
										"conditions": [
											{
												"block_filter": [
													"minecraft:stone",
													"ores:i_stone",
													"ores:coldstone",
													"ores:s_stone",
													"ores:j_stone"
												],
												"allowed_faces": [
													"up"
												]
											}
										]
									},
									"tag:ores:biomestone": {}
								},
								"key": "minecraft:placement_filter",
								"children": [
									{
										"open": {
											"conditions": [
												{
													"block_filter": [
														"minecraft:stone",
														"ores:i_stone",
														"ores:coldstone",
														"ores:s_stone",
														"ores:j_stone"
													],
													"allowed_faces": [
														"up"
													]
												}
											]
										},
										"key": "conditions",
										"children": [
											{
												"open": [
													{
														"block_filter": [
															"minecraft:stone",
															"ores:i_stone",
															"ores:coldstone",
															"ores:s_stone",
															"ores:j_stone"
														],
														"allowed_faces": [
															"up"
														]
													}
												],
												"children": [
													{
														"open": {
															"block_filter": [
																"minecraft:stone",
																"ores:i_stone",
																"ores:coldstone",
																"ores:s_stone",
																"ores:j_stone"
															],
															"allowed_faces": [
																"up"
															]
														},
														"key": "block_filter",
														"is_minified": true,
														"children": [
															"minecraft:stone",
															"ores:i_stone",
															"ores:coldstone",
															"ores:s_stone",
															"ores:j_stone"
														]
													},
													{
														"open": {
															"block_filter": [
																"minecraft:stone",
																"ores:i_stone",
																"ores:coldstone",
																"ores:s_stone",
																"ores:j_stone"
															],
															"allowed_faces": [
																"up"
															]
														},
														"key": "allowed_faces",
														"is_minified": true,
														"children": [
															"up"
														]
													}
												]
											}
										]
									}
								]
							},
							{
								"key": "tag:ores:biomestone",
								"is_minified": true,
								"children": {}
							}
						]
					}
				]
			}
		]
	}
}