{
	"file_path": "C:\\Users\\Jacob\\AppData\\Local\\Packages\\Microsoft.MinecraftUWP_8wekyb3d8bbwe\\LocalState\\games\\com.mojang\\development_behavior_packs\\Cave Enhancements BP/blocks/centrifuge.json",
	"file_type": "block",
	"format_version": 1,
	"file_uuid": "f1d7ea09_cee5_44c1_8aeb_aaa8947b4e02",
	"file_version": 0,
	"cache_content": {
		"children": [
			{
				"open": {
					"format_version": "1.16.100",
					"minecraft:block": {
						"description": {
							"identifier": "ores:centrifuge"
						},
						"components": {
							"minecraft:destroy_time": 3,
							"minecraft:explosion_resistance": 5,
							"minecraft:crafting_table": {
								"custom_description": "Centrifuge",
								"grid_size": 3,
								"crafting_tags": [
									"centrifuge"
								]
							}
						}
					}
				},
				"data": "1.16.100",
				"key": "format_version"
			},
			{
				"open": {
					"format_version": "1.16.100",
					"minecraft:block": {
						"description": {
							"identifier": "ores:centrifuge"
						},
						"components": {
							"minecraft:destroy_time": 3,
							"minecraft:explosion_resistance": 5,
							"minecraft:crafting_table": {
								"custom_description": "Centrifuge",
								"grid_size": 3,
								"crafting_tags": [
									"centrifuge"
								]
							}
						}
					}
				},
				"key": "minecraft:block",
				"children": [
					{
						"open": {
							"description": {
								"identifier": "ores:centrifuge"
							},
							"components": {
								"minecraft:destroy_time": 3,
								"minecraft:explosion_resistance": 5,
								"minecraft:crafting_table": {
									"custom_description": "Centrifuge",
									"grid_size": 3,
									"crafting_tags": [
										"centrifuge"
									]
								}
							}
						},
						"key": "description",
						"is_minified": true,
						"children": {
							"identifier": "ores:centrifuge"
						}
					},
					{
						"open": {
							"description": {
								"identifier": "ores:centrifuge"
							},
							"components": {
								"minecraft:destroy_time": 3,
								"minecraft:explosion_resistance": 5,
								"minecraft:crafting_table": {
									"custom_description": "Centrifuge",
									"grid_size": 3,
									"crafting_tags": [
										"centrifuge"
									]
								}
							}
						},
						"key": "components",
						"children": [
							{
								"data": "3",
								"key": "minecraft:destroy_time"
							},
							{
								"data": "5",
								"key": "minecraft:explosion_resistance"
							},
							{
								"open": {
									"minecraft:destroy_time": 3,
									"minecraft:explosion_resistance": 5,
									"minecraft:crafting_table": {
										"custom_description": "Centrifuge",
										"grid_size": 3,
										"crafting_tags": [
											"centrifuge"
										]
									}
								},
								"key": "minecraft:crafting_table",
								"children": [
									{
										"data": "Centrifuge",
										"key": "custom_description"
									},
									{
										"data": "3",
										"key": "grid_size"
									},
									{
										"open": {
											"custom_description": "Centrifuge",
											"grid_size": 3,
											"crafting_tags": [
												"centrifuge"
											]
										},
										"key": "crafting_tags",
										"is_minified": true,
										"children": [
											"centrifuge"
										]
									}
								]
							}
						]
					}
				]
			}
		]
	}
}