{
	"file_path": "C:\\Users\\Jacob\\AppData\\Local\\Packages\\Microsoft.MinecraftUWP_8wekyb3d8bbwe\\LocalState\\games\\com.mojang\\development_behavior_packs\\Ore Generation Public Test 1\\blocks\\end_yttrium_ore.json",
	"file_type": "block",
	"format_version": 1,
	"file_uuid": "1323a95c_bd7e_4a62_b05f_a9fc185a33b9",
	"file_version": 3,
	"cache_content": {
		"children": [
			{
				"data": "1.16.0",
				"key": "format_version"
			},
			{
				"open": {
					"format_version": "1.16.0",
					"minecraft:block": {
						"description": {
							"identifier": "ores:end_yttrium_ore",
							"is_experimental": false
						},
						"components": {
							"minecraft:destroy_time": 1800,
							"minecraft:friction": 2,
							"minecraft:explosion_resistance": 22,
							"minecraft:loot": "loot_tables/end_yttrium.json",
							"tag:ores:medium": {}
						}
					}
				},
				"key": "minecraft:block",
				"children": [
					{
						"key": "description",
						"is_minified": true,
						"children": {
							"identifier": "ores:end_yttrium_ore",
							"is_experimental": false
						}
					},
					{
						"open": {
							"description": {
								"identifier": "ores:end_yttrium_ore",
								"is_experimental": false
							},
							"components": {
								"minecraft:destroy_time": 1800,
								"minecraft:friction": 2,
								"minecraft:explosion_resistance": 22,
								"minecraft:loot": "loot_tables/end_yttrium.json",
								"tag:ores:medium": {}
							}
						},
						"key": "components",
						"is_minified": true,
						"children": {
							"minecraft:destroy_time": 1800,
							"minecraft:friction": 2,
							"minecraft:explosion_resistance": 22,
							"minecraft:loot": "loot_tables/end_yttrium.json",
							"tag:ores:medium": {}
						}
					}
				]
			}
		]
	}
}