{
	"file_path": "C:\\Users\\Jacob\\AppData\\Local\\Packages\\Microsoft.MinecraftUWP_8wekyb3d8bbwe\\LocalState\\games\\com.mojang\\development_behavior_packs\\Ore Generation Public Test 1\\blocks\\end_grass.json",
	"file_type": "block",
	"format_version": 1,
	"file_uuid": "1dced738_e4ce_4fbe_a279_97ecc8189457",
	"file_version": 6,
	"cache_content": {
		"children": [
			{
				"data": "1.16.100",
				"key": "format_version"
			},
			{
				"open": {
					"format_version": "1.16.100",
					"minecraft:block": {
						"description": {
							"identifier": "ores:end_grass"
						},
						"components": {
							"minecraft:destroy_time": 2,
							"minecraft:display_name": "End Grass",
							"minecraft:explosion_resistance": 1
						}
					}
				},
				"key": "minecraft:block",
				"children": [
					{
						"open": {
							"description": {
								"identifier": "ores:end_grass"
							},
							"components": {
								"minecraft:destroy_time": 2,
								"minecraft:display_name": "End Grass",
								"minecraft:explosion_resistance": 1
							}
						},
						"key": "description",
						"is_minified": true,
						"children": {
							"identifier": "ores:end_grass"
						}
					},
					{
						"open": {
							"description": {
								"identifier": "ores:end_grass"
							},
							"components": {
								"minecraft:destroy_time": 2,
								"minecraft:display_name": "End Grass",
								"minecraft:explosion_resistance": 1
							}
						},
						"key": "components",
						"is_minified": true,
						"children": {
							"minecraft:destroy_time": 2,
							"minecraft:display_name": "End Grass",
							"minecraft:explosion_resistance": 1
						}
					}
				]
			}
		]
	}
}