{
	"file_path": "C:\\Users\\Jacob\\AppData\\Local\\Packages\\Microsoft.MinecraftUWP_8wekyb3d8bbwe\\LocalState\\games\\com.mojang\\development_behavior_packs\\Cave Enhancements BP\\blocks\\glowing_grape_non.json",
	"file_type": "block",
	"format_version": 1,
	"file_uuid": "fb5f8f63_eedb_4312_bc75_66fdc894122e",
	"file_version": 5,
	"cache_content": {
		"children": [
			{
				"data": "1.16.100",
				"key": "format_version"
			},
			{
				"open": {
					"format_version": "1.16.100",
					"minecraft:block": {
						"description": {
							"identifier": "ores:glowing_grape_non"
						},
						"components": {
							"minecraft:destroy_time": 1,
							"minecraft:block_light_absorption": 0,
							"minecraft:explosion_resistance": 1,
							"minecraft:entity_collision": false,
							"minecraft:placement_filter": {
								"conditions": [
									{
										"block_filter": [
											"minecraft:stone",
											"ores:s_stone",
											"ores:i_stone",
											"ores:j_stone",
											"minecraft:dirt",
											"minecraft:gravel",
											"minecraft:sandstone"
										],
										"allowed_faces": [
											"down"
										]
									}
								]
							},
							"minecraft:material_instances": {
								"*": {
									"texture": "glowing_grape_non",
									"render_method": "alpha_test"
								}
							},
							"bridge:rotate_on_place": {
								"rotation_from": "player"
							},
							"minecraft:geometry": "geometry.grape",
							"minecraft:ticking": {
								"looping": false,
								"range": [
									6000,
									5000
								],
								"on_tick": {
									"event": "grow",
									"target": "self"
								}
							}
						},
						"events": {
							"grow": {
								"set_block": {
									"block_type": "ores:glowing_grape_bush"
								}
							}
						}
					}
				},
				"key": "minecraft:block",
				"children": [
					{
						"open": {
							"description": {
								"identifier": "ores:glowing_grape_non"
							},
							"components": {
								"minecraft:destroy_time": 1,
								"minecraft:block_light_absorption": 0,
								"minecraft:explosion_resistance": 1,
								"minecraft:entity_collision": false,
								"minecraft:placement_filter": {
									"conditions": [
										{
											"block_filter": [
												"minecraft:stone",
												"ores:s_stone",
												"ores:i_stone",
												"ores:j_stone",
												"minecraft:dirt",
												"minecraft:gravel",
												"minecraft:sandstone"
											],
											"allowed_faces": [
												"down"
											]
										}
									]
								},
								"minecraft:material_instances": {
									"*": {
										"texture": "glowing_grape_non",
										"render_method": "alpha_test"
									}
								},
								"bridge:rotate_on_place": {
									"rotation_from": "player"
								},
								"minecraft:geometry": "geometry.grape",
								"minecraft:ticking": {
									"looping": false,
									"range": [
										6000,
										5000
									],
									"on_tick": {
										"event": "grow",
										"target": "self"
									}
								}
							},
							"events": {
								"grow": {
									"set_block": {
										"block_type": "ores:glowing_grape_bush"
									}
								}
							}
						},
						"key": "description",
						"is_minified": true,
						"children": {
							"identifier": "ores:glowing_grape_non"
						}
					},
					{
						"open": {
							"description": {
								"identifier": "ores:glowing_grape_non"
							},
							"components": {
								"minecraft:destroy_time": 1,
								"minecraft:block_light_absorption": 0,
								"minecraft:explosion_resistance": 1,
								"minecraft:entity_collision": false,
								"minecraft:placement_filter": {
									"conditions": [
										{
											"block_filter": [
												"minecraft:stone",
												"ores:s_stone",
												"ores:i_stone",
												"ores:j_stone",
												"minecraft:dirt",
												"minecraft:gravel",
												"minecraft:sandstone"
											],
											"allowed_faces": [
												"down"
											]
										}
									]
								},
								"minecraft:material_instances": {
									"*": {
										"texture": "glowing_grape_non",
										"render_method": "alpha_test"
									}
								},
								"bridge:rotate_on_place": {
									"rotation_from": "player"
								},
								"minecraft:geometry": "geometry.grape",
								"minecraft:ticking": {
									"looping": false,
									"range": [
										6000,
										5000
									],
									"on_tick": {
										"event": "grow",
										"target": "self"
									}
								}
							},
							"events": {
								"grow": {
									"set_block": {
										"block_type": "ores:glowing_grape_bush"
									}
								}
							}
						},
						"key": "components",
						"children": [
							{
								"data": "1",
								"key": "minecraft:destroy_time"
							},
							{
								"data": "0.0",
								"key": "minecraft:block_light_absorption"
							},
							{
								"data": "1",
								"key": "minecraft:explosion_resistance"
							},
							{
								"data": "false",
								"key": "minecraft:entity_collision"
							},
							{
								"key": "minecraft:placement_filter",
								"children": [
									{
										"open": {
											"conditions": [
												{
													"block_filter": [
														"minecraft:stone",
														"ores:s_stone",
														"ores:i_stone",
														"ores:j_stone",
														"minecraft:dirt",
														"minecraft:gravel",
														"minecraft:sandstone"
													],
													"allowed_faces": [
														"down"
													]
												}
											]
										},
										"key": "conditions",
										"children": [
											{
												"open": [
													{
														"block_filter": [
															"minecraft:stone",
															"ores:s_stone",
															"ores:i_stone",
															"ores:j_stone",
															"minecraft:dirt",
															"minecraft:gravel",
															"minecraft:sandstone"
														],
														"allowed_faces": [
															"down"
														]
													}
												],
												"children": [
													{
														"key": "block_filter",
														"is_minified": true,
														"children": [
															"minecraft:stone",
															"ores:s_stone",
															"ores:i_stone",
															"ores:j_stone",
															"minecraft:dirt",
															"minecraft:gravel",
															"minecraft:sandstone"
														]
													},
													{
														"open": {
															"block_filter": [
																"minecraft:stone",
																"ores:s_stone",
																"ores:i_stone",
																"ores:j_stone",
																"minecraft:dirt",
																"minecraft:gravel",
																"minecraft:sandstone"
															],
															"allowed_faces": [
																"down"
															]
														},
														"key": "allowed_faces",
														"is_minified": true,
														"children": [
															"down"
														]
													}
												]
											}
										]
									}
								]
							},
							{
								"open": {
									"minecraft:destroy_time": 1,
									"minecraft:block_light_absorption": 0,
									"minecraft:explosion_resistance": 1,
									"minecraft:entity_collision": false,
									"minecraft:placement_filter": {
										"conditions": [
											{
												"block_filter": [
													"minecraft:stone",
													"ores:s_stone",
													"ores:i_stone",
													"ores:j_stone",
													"minecraft:dirt",
													"minecraft:gravel",
													"minecraft:sandstone"
												],
												"allowed_faces": [
													"down"
												]
											}
										]
									},
									"minecraft:material_instances": {
										"*": {
											"texture": "glowing_grape_non",
											"render_method": "alpha_test"
										}
									},
									"bridge:rotate_on_place": {
										"rotation_from": "player"
									},
									"minecraft:geometry": "geometry.grape",
									"minecraft:ticking": {
										"looping": false,
										"range": [
											6000,
											5000
										],
										"on_tick": {
											"event": "grow",
											"target": "self"
										}
									}
								},
								"key": "minecraft:material_instances",
								"children": [
									{
										"open": {
											"*": {
												"texture": "glowing_grape_non",
												"render_method": "alpha_test"
											}
										},
										"key": "*",
										"is_minified": true,
										"children": {
											"texture": "glowing_grape_non",
											"render_method": "alpha_test"
										}
									}
								]
							},
							{
								"open": {
									"minecraft:destroy_time": 1,
									"minecraft:block_light_absorption": 0,
									"minecraft:explosion_resistance": 1,
									"minecraft:entity_collision": false,
									"minecraft:placement_filter": {
										"conditions": [
											{
												"block_filter": [
													"minecraft:stone",
													"ores:s_stone",
													"ores:i_stone",
													"ores:j_stone",
													"minecraft:dirt",
													"minecraft:gravel",
													"minecraft:sandstone"
												],
												"allowed_faces": [
													"down"
												]
											}
										]
									},
									"minecraft:material_instances": {
										"*": {
											"texture": "glowing_grape_non",
											"render_method": "alpha_test"
										}
									},
									"bridge:rotate_on_place": {
										"rotation_from": "player"
									},
									"minecraft:geometry": "geometry.grape",
									"minecraft:ticking": {
										"looping": false,
										"range": [
											6000,
											5000
										],
										"on_tick": {
											"event": "grow",
											"target": "self"
										}
									}
								},
								"key": "bridge:rotate_on_place",
								"is_minified": true,
								"children": {
									"rotation_from": "player"
								}
							},
							{
								"data": "geometry.grape",
								"key": "minecraft:geometry"
							},
							{
								"open": {
									"minecraft:destroy_time": 1,
									"minecraft:block_light_absorption": 0,
									"minecraft:explosion_resistance": 1,
									"minecraft:entity_collision": false,
									"minecraft:placement_filter": {
										"conditions": [
											{
												"block_filter": [
													"minecraft:stone",
													"ores:s_stone",
													"ores:i_stone",
													"ores:j_stone",
													"minecraft:dirt",
													"minecraft:gravel",
													"minecraft:sandstone"
												],
												"allowed_faces": [
													"down"
												]
											}
										]
									},
									"minecraft:material_instances": {
										"*": {
											"texture": "glowing_grape_non",
											"render_method": "alpha_test"
										}
									},
									"bridge:rotate_on_place": {
										"rotation_from": "player"
									},
									"minecraft:geometry": "geometry.grape",
									"minecraft:ticking": {
										"looping": false,
										"range": [
											6000,
											5000
										],
										"on_tick": {
											"event": "grow",
											"target": "self"
										}
									}
								},
								"key": "minecraft:ticking",
								"children": [
									{
										"data": "false",
										"key": "looping"
									},
									{
										"open": {
											"looping": false,
											"range": [
												6000,
												5000
											],
											"on_tick": {
												"event": "grow",
												"target": "self"
											}
										},
										"key": "range",
										"is_minified": true,
										"children": [
											6000,
											5000
										]
									},
									{
										"open": {
											"looping": false,
											"range": [
												6000,
												5000
											],
											"on_tick": {
												"event": "grow",
												"target": "self"
											}
										},
										"key": "on_tick",
										"is_minified": true,
										"children": {
											"event": "grow",
											"target": "self"
										}
									}
								]
							}
						]
					},
					{
						"open": {
							"description": {
								"identifier": "ores:glowing_grape_non"
							},
							"components": {
								"minecraft:destroy_time": 1,
								"minecraft:block_light_absorption": 0,
								"minecraft:explosion_resistance": 1,
								"minecraft:entity_collision": false,
								"minecraft:placement_filter": {
									"conditions": [
										{
											"block_filter": [
												"minecraft:stone",
												"ores:s_stone",
												"ores:i_stone",
												"ores:j_stone",
												"minecraft:dirt",
												"minecraft:gravel",
												"minecraft:sandstone"
											],
											"allowed_faces": [
												"down"
											]
										}
									]
								},
								"minecraft:material_instances": {
									"*": {
										"texture": "glowing_grape_non",
										"render_method": "alpha_test"
									}
								},
								"bridge:rotate_on_place": {
									"rotation_from": "player"
								},
								"minecraft:geometry": "geometry.grape",
								"minecraft:ticking": {
									"looping": false,
									"range": [
										6000,
										5000
									],
									"on_tick": {
										"event": "grow",
										"target": "self"
									}
								}
							},
							"events": {
								"grow": {
									"set_block": {
										"block_type": "ores:glowing_grape_bush"
									}
								}
							}
						},
						"key": "events",
						"children": [
							{
								"open": {
									"grow": {
										"set_block": {
											"block_type": "ores:glowing_grape_bush"
										}
									}
								},
								"key": "grow",
								"children": [
									{
										"open": {
											"set_block": {
												"block_type": "ores:glowing_grape_bush"
											}
										},
										"key": "set_block",
										"is_minified": true,
										"children": {
											"block_type": "ores:glowing_grape_bush"
										}
									}
								]
							}
						]
					}
				]
			}
		]
	}
}