{
	"file_path": "C:\\Users\\Jacob\\AppData\\Local\\Packages\\Microsoft.MinecraftUWP_8wekyb3d8bbwe\\LocalState\\games\\com.mojang\\development_behavior_packs\\Cave Enhancements BP\\blocks\\glowing_grass.json",
	"file_type": "block",
	"format_version": 1,
	"file_uuid": "bd4db473_16b9_4fc8_808e_b52d80ed63b8",
	"file_version": 9,
	"cache_content": {
		"children": [
			{
				"data": "1.16.100",
				"key": "format_version"
			},
			{
				"open": {
					"format_version": "1.16.100",
					"minecraft:block": {
						"description": {
							"identifier": "ores:glowing_grass"
						},
						"components": {
							"minecraft:destroy_time": 1,
							"minecraft:block_light_absorption": 0,
							"minecraft:explosion_resistance": 2,
							"minecraft:loot": "loot_tables/g_grass_loot.json",
							"minecraft:ticking": {
								"range": [
									1,
									1
								],
								"looping": false,
								"on_tick": {
									"event": "biome",
									"target": "other"
								}
							}
						},
						"events": {
							"biome": {
								"run_command": {
									"command": [
										"fill ~~~ ~50 ~3 ~40 ores:glowing_grass 0 replace stone 0",
										"fill ~~~ ~ 20~-5 ~39 ores:glowing_grass 0 replace stone 0"
									]
								}
							}
						}
					}
				},
				"key": "minecraft:block",
				"children": [
					{
						"open": {
							"description": {
								"identifier": "ores:glowing_grass"
							},
							"components": {
								"minecraft:destroy_time": 1,
								"minecraft:block_light_absorption": 0,
								"minecraft:explosion_resistance": 2,
								"minecraft:loot": "loot_tables/g_grass_loot.json",
								"minecraft:ticking": {
									"range": [
										1,
										1
									],
									"looping": false,
									"on_tick": {
										"event": "biome",
										"target": "other"
									}
								}
							},
							"events": {
								"biome": {
									"run_command": {
										"command": [
											"fill ~~~ ~50 ~3 ~40 ores:glowing_grass 0 replace stone 0",
											"fill ~~~ ~ 20~-5 ~39 ores:glowing_grass 0 replace stone 0"
										]
									}
								}
							}
						},
						"key": "description",
						"is_minified": true,
						"children": {
							"identifier": "ores:glowing_grass"
						}
					},
					{
						"open": {
							"description": {
								"identifier": "ores:glowing_grass"
							},
							"components": {
								"minecraft:destroy_time": 1,
								"minecraft:block_light_absorption": 0,
								"minecraft:explosion_resistance": 2,
								"minecraft:loot": "loot_tables/g_grass_loot.json",
								"minecraft:ticking": {
									"range": [
										1,
										1
									],
									"looping": false,
									"on_tick": {
										"event": "biome",
										"target": "other"
									}
								}
							},
							"events": {
								"biome": {
									"run_command": {
										"command": [
											"fill ~~~ ~50 ~3 ~40 ores:glowing_grass 0 replace stone 0",
											"fill ~~~ ~ 20~-5 ~39 ores:glowing_grass 0 replace stone 0"
										]
									}
								}
							}
						},
						"key": "components",
						"children": [
							{
								"data": "1",
								"key": "minecraft:destroy_time"
							},
							{
								"data": "0",
								"key": "minecraft:block_light_absorption"
							},
							{
								"data": "2",
								"key": "minecraft:explosion_resistance"
							},
							{
								"data": "loot_tables/g_grass_loot.json",
								"key": "minecraft:loot"
							},
							{
								"open": {
									"minecraft:destroy_time": 1,
									"minecraft:block_light_absorption": 0,
									"minecraft:explosion_resistance": 2,
									"minecraft:loot": "loot_tables/g_grass_loot.json",
									"minecraft:ticking": {
										"range": [
											1,
											1
										],
										"looping": false,
										"on_tick": {
											"event": "biome",
											"target": "other"
										}
									}
								},
								"key": "minecraft:ticking",
								"children": [
									{
										"open": {
											"range": [
												1,
												1
											],
											"looping": false,
											"on_tick": {
												"event": "biome",
												"target": "other"
											}
										},
										"key": "range",
										"is_minified": true,
										"children": [
											1,
											1
										]
									},
									{
										"data": "false",
										"key": "looping"
									},
									{
										"open": {
											"range": [
												1,
												1
											],
											"looping": false,
											"on_tick": {
												"event": "biome",
												"target": "other"
											}
										},
										"key": "on_tick",
										"is_minified": true,
										"children": {
											"event": "biome",
											"target": "other"
										}
									}
								]
							}
						]
					},
					{
						"open": {
							"description": {
								"identifier": "ores:glowing_grass"
							},
							"components": {
								"minecraft:destroy_time": 1,
								"minecraft:block_light_absorption": 0,
								"minecraft:explosion_resistance": 2,
								"minecraft:loot": "loot_tables/g_grass_loot.json",
								"minecraft:ticking": {
									"range": [
										1,
										1
									],
									"looping": false,
									"on_tick": {
										"event": "biome",
										"target": "other"
									}
								}
							},
							"events": {
								"biome": {
									"run_command": {
										"command": [
											"fill ~~~ ~50 ~3 ~40 ores:glowing_grass 0 replace stone 0",
											"fill ~~~ ~ 20~-5 ~39 ores:glowing_grass 0 replace stone 0"
										]
									}
								}
							}
						},
						"key": "events",
						"children": [
							{
								"open": {
									"biome": {
										"run_command": {
											"command": [
												"fill ~~~ ~50 ~3 ~40 ores:glowing_grass 0 replace stone 0",
												"fill ~~~ ~ 20~-5 ~39 ores:glowing_grass 0 replace stone 0"
											]
										}
									}
								},
								"key": "biome",
								"children": [
									{
										"open": {
											"run_command": {
												"command": [
													"fill ~~~ ~50 ~3 ~40 ores:glowing_grass 0 replace stone 0",
													"fill ~~~ ~ 20~-5 ~39 ores:glowing_grass 0 replace stone 0"
												]
											}
										},
										"key": "run_command",
										"children": [
											{
												"open": {
													"command": [
														"fill ~~~ ~50 ~3 ~40 ores:glowing_grass 0 replace stone 0",
														"fill ~~~ ~ 20~-5 ~39 ores:glowing_grass 0 replace stone 0"
													]
												},
												"key": "command",
												"is_minified": true,
												"children": [
													"fill ~~~ ~50 ~3 ~40 ores:glowing_grass 0 replace stone 0",
													"fill ~~~ ~ 20~-5 ~39 ores:glowing_grass 0 replace stone 0"
												]
											}
										]
									}
								]
							}
						]
					}
				]
			}
		]
	}
}