{
	"file_path": "C:\\Users\\Jacob\\AppData\\Local\\Packages\\Microsoft.MinecraftUWP_8wekyb3d8bbwe\\LocalState\\games\\com.mojang\\development_behavior_packs\\Cave Enhancements BP\\blocks\\glowing_grape_bush.json",
	"file_type": "block",
	"format_version": 1,
	"file_uuid": "aa729412_cafa_4ff0_8921_a20e25cbcde4",
	"file_version": 4,
	"cache_content": {
		"children": [
			{
				"data": "1.16.100",
				"key": "format_version"
			},
			{
				"open": {
					"format_version": "1.16.100",
					"minecraft:block": {
						"description": {
							"identifier": "ores:glowing_grape_bush"
						},
						"components": {
							"minecraft:destroy_time": 1,
							"minecraft:block_light_emission": 0.5,
							"minecraft:block_light_absorption": 0,
							"minecraft:explosion_resistance": 1,
							"minecraft:entity_collision": false,
							"minecraft:placement_filter": {
								"conditions": [
									{
										"block_filter": [
											"minecraft:stone",
											"ores:s_stone",
											"ores:i_stone",
											"ores:j_stone",
											"minecraft:dirt",
											"minecraft:gravel",
											"minecraft:sandstone",
											"ores:coldstone"
										],
										"allowed_faces": [
											"down"
										]
									}
								]
							},
							"minecraft:material_instances": {
								"*": {
									"texture": "glowing_grape_crop",
									"render_method": "alpha_test"
								}
							},
							"minecraft:on_interact": {
								"event": "interact",
								"target": "self"
							},
							"bridge:rotate_on_place": {
								"rotation_from": "player"
							},
							"minecraft:geometry": "geometry.grape"
						},
						"events": {
							"interact": {
								"spawn_loot": {
									"table": "loot_tables/grape_harvest.json"
								},
								"set_block": {
									"block_type": "ores:glowing_grape_non"
								}
							}
						}
					}
				},
				"key": "minecraft:block",
				"children": [
					{
						"open": {
							"description": {
								"identifier": "ores:glowing_grape_bush"
							},
							"components": {
								"minecraft:destroy_time": 1,
								"minecraft:block_light_emission": 0.5,
								"minecraft:block_light_absorption": 0,
								"minecraft:explosion_resistance": 1,
								"minecraft:entity_collision": false,
								"minecraft:placement_filter": {
									"conditions": [
										{
											"block_filter": [
												"minecraft:stone",
												"ores:s_stone",
												"ores:i_stone",
												"ores:j_stone",
												"minecraft:dirt",
												"minecraft:gravel",
												"minecraft:sandstone",
												"ores:coldstone"
											],
											"allowed_faces": [
												"down"
											]
										}
									]
								},
								"minecraft:material_instances": {
									"*": {
										"texture": "glowing_grape_crop",
										"render_method": "alpha_test"
									}
								},
								"minecraft:on_interact": {
									"event": "interact",
									"target": "self"
								},
								"bridge:rotate_on_place": {
									"rotation_from": "player"
								},
								"minecraft:geometry": "geometry.grape"
							},
							"events": {
								"interact": {
									"spawn_loot": {
										"table": "loot_tables/grape_harvest.json"
									},
									"set_block": {
										"block_type": "ores:glowing_grape_non"
									}
								}
							}
						},
						"key": "description",
						"is_minified": true,
						"children": {
							"identifier": "ores:glowing_grape_bush"
						}
					},
					{
						"open": {
							"description": {
								"identifier": "ores:glowing_grape_bush"
							},
							"components": {
								"minecraft:destroy_time": 1,
								"minecraft:block_light_emission": 0.5,
								"minecraft:block_light_absorption": 0,
								"minecraft:explosion_resistance": 1,
								"minecraft:entity_collision": false,
								"minecraft:placement_filter": {
									"conditions": [
										{
											"block_filter": [
												"minecraft:stone",
												"ores:s_stone",
												"ores:i_stone",
												"ores:j_stone",
												"minecraft:dirt",
												"minecraft:gravel",
												"minecraft:sandstone",
												"ores:coldstone"
											],
											"allowed_faces": [
												"down"
											]
										}
									]
								},
								"minecraft:material_instances": {
									"*": {
										"texture": "glowing_grape_crop",
										"render_method": "alpha_test"
									}
								},
								"minecraft:on_interact": {
									"event": "interact",
									"target": "self"
								},
								"bridge:rotate_on_place": {
									"rotation_from": "player"
								},
								"minecraft:geometry": "geometry.grape"
							},
							"events": {
								"interact": {
									"spawn_loot": {
										"table": "loot_tables/grape_harvest.json"
									},
									"set_block": {
										"block_type": "ores:glowing_grape_non"
									}
								}
							}
						},
						"key": "components",
						"children": [
							{
								"data": "1",
								"key": "minecraft:destroy_time"
							},
							{
								"data": "0.5",
								"key": "minecraft:block_light_emission"
							},
							{
								"data": "0.0",
								"key": "minecraft:block_light_absorption"
							},
							{
								"data": "1",
								"key": "minecraft:explosion_resistance"
							},
							{
								"data": "false",
								"key": "minecraft:entity_collision"
							},
							{
								"open": {
									"minecraft:destroy_time": 1,
									"minecraft:block_light_emission": 0.5,
									"minecraft:block_light_absorption": 0,
									"minecraft:explosion_resistance": 1,
									"minecraft:entity_collision": false,
									"minecraft:placement_filter": {
										"conditions": [
											{
												"block_filter": [
													"minecraft:stone",
													"ores:s_stone",
													"ores:i_stone",
													"ores:j_stone",
													"minecraft:dirt",
													"minecraft:gravel",
													"minecraft:sandstone",
													"ores:coldstone"
												],
												"allowed_faces": [
													"down"
												]
											}
										]
									},
									"minecraft:material_instances": {
										"*": {
											"texture": "glowing_grape_crop",
											"render_method": "alpha_test"
										}
									},
									"minecraft:on_interact": {
										"event": "interact",
										"target": "self"
									},
									"bridge:rotate_on_place": {
										"rotation_from": "player"
									},
									"minecraft:geometry": "geometry.grape"
								},
								"key": "minecraft:placement_filter",
								"children": [
									{
										"open": {
											"conditions": [
												{
													"block_filter": [
														"minecraft:stone",
														"ores:s_stone",
														"ores:i_stone",
														"ores:j_stone",
														"minecraft:dirt",
														"minecraft:gravel",
														"minecraft:sandstone",
														"ores:coldstone"
													],
													"allowed_faces": [
														"down"
													]
												}
											]
										},
										"key": "conditions",
										"children": [
											{
												"open": [
													{
														"block_filter": [
															"minecraft:stone",
															"ores:s_stone",
															"ores:i_stone",
															"ores:j_stone",
															"minecraft:dirt",
															"minecraft:gravel",
															"minecraft:sandstone",
															"ores:coldstone"
														],
														"allowed_faces": [
															"down"
														]
													}
												],
												"children": [
													{
														"open": {
															"block_filter": [
																"minecraft:stone",
																"ores:s_stone",
																"ores:i_stone",
																"ores:j_stone",
																"minecraft:dirt",
																"minecraft:gravel",
																"minecraft:sandstone",
																"ores:coldstone"
															],
															"allowed_faces": [
																"down"
															]
														},
														"key": "block_filter",
														"is_minified": true,
														"children": [
															"minecraft:stone",
															"ores:s_stone",
															"ores:i_stone",
															"ores:j_stone",
															"minecraft:dirt",
															"minecraft:gravel",
															"minecraft:sandstone",
															"ores:coldstone"
														]
													},
													{
														"open": {
															"block_filter": [
																"minecraft:stone",
																"ores:s_stone",
																"ores:i_stone",
																"ores:j_stone",
																"minecraft:dirt",
																"minecraft:gravel",
																"minecraft:sandstone",
																"ores:coldstone"
															],
															"allowed_faces": [
																"down"
															]
														},
														"key": "allowed_faces",
														"is_minified": true,
														"children": [
															"down"
														]
													}
												]
											}
										]
									}
								]
							},
							{
								"open": {
									"minecraft:destroy_time": 1,
									"minecraft:block_light_emission": 0.5,
									"minecraft:block_light_absorption": 0,
									"minecraft:explosion_resistance": 1,
									"minecraft:entity_collision": false,
									"minecraft:placement_filter": {
										"conditions": [
											{
												"block_filter": [
													"minecraft:stone",
													"ores:s_stone",
													"ores:i_stone",
													"ores:j_stone",
													"minecraft:dirt",
													"minecraft:gravel",
													"minecraft:sandstone",
													"ores:coldstone"
												],
												"allowed_faces": [
													"down"
												]
											}
										]
									},
									"minecraft:material_instances": {
										"*": {
											"texture": "glowing_grape_crop",
											"render_method": "alpha_test"
										}
									},
									"minecraft:on_interact": {
										"event": "interact",
										"target": "self"
									},
									"bridge:rotate_on_place": {
										"rotation_from": "player"
									},
									"minecraft:geometry": "geometry.grape"
								},
								"key": "minecraft:material_instances",
								"children": [
									{
										"open": {
											"*": {
												"texture": "glowing_grape_crop",
												"render_method": "alpha_test"
											}
										},
										"key": "*",
										"is_minified": true,
										"children": {
											"texture": "glowing_grape_crop",
											"render_method": "alpha_test"
										}
									}
								]
							},
							{
								"open": {
									"minecraft:destroy_time": 1,
									"minecraft:block_light_emission": 0.5,
									"minecraft:block_light_absorption": 0,
									"minecraft:explosion_resistance": 1,
									"minecraft:entity_collision": false,
									"minecraft:placement_filter": {
										"conditions": [
											{
												"block_filter": [
													"minecraft:stone",
													"ores:s_stone",
													"ores:i_stone",
													"ores:j_stone",
													"minecraft:dirt",
													"minecraft:gravel",
													"minecraft:sandstone",
													"ores:coldstone"
												],
												"allowed_faces": [
													"down"
												]
											}
										]
									},
									"minecraft:material_instances": {
										"*": {
											"texture": "glowing_grape_crop",
											"render_method": "alpha_test"
										}
									},
									"minecraft:on_interact": {
										"event": "interact",
										"target": "self"
									},
									"bridge:rotate_on_place": {
										"rotation_from": "player"
									},
									"minecraft:geometry": "geometry.grape"
								},
								"key": "minecraft:on_interact",
								"is_minified": true,
								"children": {
									"event": "interact",
									"target": "self"
								}
							},
							{
								"open": {
									"minecraft:destroy_time": 1,
									"minecraft:block_light_emission": 0.5,
									"minecraft:block_light_absorption": 0,
									"minecraft:explosion_resistance": 1,
									"minecraft:entity_collision": false,
									"minecraft:placement_filter": {
										"conditions": [
											{
												"block_filter": [
													"minecraft:stone",
													"ores:s_stone",
													"ores:i_stone",
													"ores:j_stone",
													"minecraft:dirt",
													"minecraft:gravel",
													"minecraft:sandstone",
													"ores:coldstone"
												],
												"allowed_faces": [
													"down"
												]
											}
										]
									},
									"minecraft:material_instances": {
										"*": {
											"texture": "glowing_grape_crop",
											"render_method": "alpha_test"
										}
									},
									"minecraft:on_interact": {
										"event": "interact",
										"target": "self"
									},
									"bridge:rotate_on_place": {
										"rotation_from": "player"
									},
									"minecraft:geometry": "geometry.grape"
								},
								"key": "bridge:rotate_on_place",
								"is_minified": true,
								"children": {
									"rotation_from": "player"
								}
							},
							{
								"data": "geometry.grape",
								"key": "minecraft:geometry"
							}
						]
					},
					{
						"open": {
							"description": {
								"identifier": "ores:glowing_grape_bush"
							},
							"components": {
								"minecraft:destroy_time": 1,
								"minecraft:block_light_emission": 0.5,
								"minecraft:block_light_absorption": 0,
								"minecraft:explosion_resistance": 1,
								"minecraft:entity_collision": false,
								"minecraft:placement_filter": {
									"conditions": [
										{
											"block_filter": [
												"minecraft:stone",
												"ores:s_stone",
												"ores:i_stone",
												"ores:j_stone",
												"minecraft:dirt",
												"minecraft:gravel",
												"minecraft:sandstone",
												"ores:coldstone"
											],
											"allowed_faces": [
												"down"
											]
										}
									]
								},
								"minecraft:material_instances": {
									"*": {
										"texture": "glowing_grape_crop",
										"render_method": "alpha_test"
									}
								},
								"minecraft:on_interact": {
									"event": "interact",
									"target": "self"
								},
								"bridge:rotate_on_place": {
									"rotation_from": "player"
								},
								"minecraft:geometry": "geometry.grape"
							},
							"events": {
								"interact": {
									"spawn_loot": {
										"table": "loot_tables/grape_harvest.json"
									},
									"set_block": {
										"block_type": "ores:glowing_grape_non"
									}
								}
							}
						},
						"key": "events",
						"children": [
							{
								"open": {
									"interact": {
										"spawn_loot": {
											"table": "loot_tables/grape_harvest.json"
										},
										"set_block": {
											"block_type": "ores:glowing_grape_non"
										}
									}
								},
								"key": "interact",
								"children": [
									{
										"key": "spawn_loot",
										"is_minified": true,
										"children": {
											"table": "loot_tables/grape_harvest.json"
										}
									},
									{
										"open": {
											"spawn_loot": {
												"table": "loot_tables/grape_harvest.json"
											},
											"set_block": {
												"block_type": "ores:glowing_grape_non"
											}
										},
										"key": "set_block",
										"is_minified": true,
										"children": {
											"block_type": "ores:glowing_grape_non"
										}
									}
								]
							}
						]
					}
				]
			}
		]
	}
}