{
	"file_path": "C:\\Users\\Jacob\\AppData\\Local\\Packages\\Microsoft.MinecraftUWP_8wekyb3d8bbwe\\LocalState\\games\\com.mojang\\development_behavior_packs\\Ore Generation Public Test 1\\blocks\\i_gold.json",
	"file_type": "block",
	"format_version": 1,
	"file_uuid": "ed29b63c_724a_4987_b807_7475aa8d5682",
	"file_version": 2,
	"cache_content": {
		"children": [
			{
				"data": "1.16.0",
				"key": "format_version"
			},
			{
				"open": {
					"format_version": "1.16.0",
					"minecraft:block": {
						"description": {
							"identifier": "ores:i_gold"
						},
						"components": {
							"minecraft:destroy_time": 700,
							"minecraft:explosion_resistance": 1,
							"minecraft:friction": 1,
							"minecraft:loot": "loot_tables/i_gold_loot.json",
							"tag:ores:iron_pick": {}
						}
					}
				},
				"key": "minecraft:block",
				"children": [
					{
						"key": "description",
						"is_minified": true,
						"children": {
							"identifier": "ores:i_gold"
						}
					},
					{
						"open": {
							"description": {
								"identifier": "ores:i_gold"
							},
							"components": {
								"minecraft:destroy_time": 700,
								"minecraft:explosion_resistance": 1,
								"minecraft:friction": 1,
								"minecraft:loot": "loot_tables/i_gold_loot.json",
								"tag:ores:iron_pick": {}
							}
						},
						"key": "components",
						"is_minified": true,
						"children": {
							"minecraft:destroy_time": 700,
							"minecraft:explosion_resistance": 1,
							"minecraft:friction": 1,
							"minecraft:loot": "loot_tables/i_gold_loot.json",
							"tag:ores:iron_pick": {}
						}
					}
				]
			}
		]
	}
}