{
	"file_path": "C:\\Users\\Jacob\\AppData\\Local\\Packages\\Microsoft.MinecraftUWP_8wekyb3d8bbwe\\LocalState\\games\\com.mojang\\development_behavior_packs\\Ore Generation Public Test 1\\blocks\\j_diamond.json",
	"file_type": "block",
	"format_version": 1,
	"file_uuid": "1b76fb55_4f4d_473f_b082_5a204f2963a2",
	"file_version": 2,
	"cache_content": {
		"children": [
			{
				"data": "1.16.0",
				"key": "format_version"
			},
			{
				"open": {
					"format_version": "1.16.0",
					"minecraft:block": {
						"description": {
							"identifier": "ores:j_diamond"
						},
						"components": {
							"minecraft:destroy_time": 1000,
							"minecraft:explosion_resistance": 5,
							"minecraft:loot": "loot_tables/s_diamond_loot.json",
							"tag:ores:iron_pick": {}
						}
					}
				},
				"key": "minecraft:block",
				"children": [
					{
						"key": "description",
						"is_minified": true,
						"children": {
							"identifier": "ores:j_diamond"
						}
					},
					{
						"open": {
							"description": {
								"identifier": "ores:j_diamond"
							},
							"components": {
								"minecraft:destroy_time": 1000,
								"minecraft:explosion_resistance": 5,
								"minecraft:loot": "loot_tables/s_diamond_loot.json",
								"tag:ores:iron_pick": {}
							}
						},
						"key": "components",
						"is_minified": true,
						"children": {
							"minecraft:destroy_time": 1000,
							"minecraft:explosion_resistance": 5,
							"minecraft:loot": "loot_tables/s_diamond_loot.json",
							"tag:ores:iron_pick": {}
						}
					}
				]
			}
		]
	}
}