{
	"file_path": "C:\\Users\\Jacob\\AppData\\Local\\Packages\\Microsoft.MinecraftUWP_8wekyb3d8bbwe\\LocalState\\games\\com.mojang\\development_behavior_packs\\Cave Enhancements BP\\blocks\\long_vine.json",
	"file_type": "block",
	"format_version": 1,
	"file_uuid": "eb8f8f95_22db_472d_b747_78dc93be8592",
	"file_version": 1,
	"cache_content": {
		"children": [
			{
				"data": "1.16.100",
				"key": "format_version"
			},
			{
				"open": {
					"format_version": "1.16.100",
					"minecraft:block": {
						"description": {
							"identifier": "ores:long_vine"
						},
						"components": {
							"minecraft:destroy_time": 1,
							"minecraft:explosion_resistance": 0.5,
							"minecraft:material_instances": {
								"*": {
									"texture": "vinelong",
									"render_method": "alpha_test"
								}
							},
							"minecraft:geometry": "geometry.vine",
							"minecraft:entity_collision": false
						}
					}
				},
				"key": "minecraft:block",
				"children": [
					{
						"open": {
							"description": {
								"identifier": "ores:long_vine"
							},
							"components": {
								"minecraft:destroy_time": 1,
								"minecraft:explosion_resistance": 0.5,
								"minecraft:material_instances": {
									"*": {
										"texture": "vinelong",
										"render_method": "alpha_test"
									}
								},
								"minecraft:geometry": "geometry.vine",
								"minecraft:entity_collision": false
							}
						},
						"key": "description",
						"is_minified": true,
						"children": {
							"identifier": "ores:long_vine"
						}
					},
					{
						"open": {
							"description": {
								"identifier": "ores:long_vine"
							},
							"components": {
								"minecraft:destroy_time": 1,
								"minecraft:explosion_resistance": 0.5,
								"minecraft:material_instances": {
									"*": {
										"texture": "vinelong",
										"render_method": "alpha_test"
									}
								},
								"minecraft:geometry": "geometry.vine",
								"minecraft:entity_collision": false
							}
						},
						"key": "components",
						"children": [
							{
								"data": "1",
								"key": "minecraft:destroy_time"
							},
							{
								"data": "0.5",
								"key": "minecraft:explosion_resistance"
							},
							{
								"open": {
									"minecraft:destroy_time": 1,
									"minecraft:explosion_resistance": 0.5,
									"minecraft:material_instances": {
										"*": {
											"texture": "vinelong",
											"render_method": "alpha_test"
										}
									},
									"minecraft:geometry": "geometry.vine",
									"minecraft:entity_collision": false
								},
								"key": "minecraft:material_instances",
								"children": [
									{
										"open": {
											"*": {
												"texture": "vinelong",
												"render_method": "alpha_test"
											}
										},
										"key": "*",
										"is_minified": true,
										"children": {
											"texture": "vinelong",
											"render_method": "alpha_test"
										}
									}
								]
							},
							{
								"data": "geometry.vine",
								"key": "minecraft:geometry"
							},
							{
								"data": "false",
								"key": "minecraft:entity_collision"
							}
						]
					}
				]
			}
		]
	}
}