{
	"file_path": "C:\\Users\\Jacob\\AppData\\Local\\Packages\\Microsoft.MinecraftUWP_8wekyb3d8bbwe\\LocalState\\games\\com.mojang\\development_behavior_packs\\Ore Generation Public Test 1\\blocks\\mica_ore.json",
	"file_type": "block",
	"format_version": 1,
	"file_uuid": "73375922_ae90_499d_b2dd_cd1716d5e7bc",
	"file_version": 3,
	"cache_content": {
		"children": [
			{
				"open": {
					"format_version": "1.16.100",
					"minecraft:block": {
						"description": {
							"identifier": "ores:mica_ore",
							"is_experimental": false
						},
						"components": {
							"minecraft:destroy_time": 1000,
							"minecraft:friction": 2,
							"minecraft:explosion_resistance": 1,
							"minecraft:loot": "loot_tables/mica_loot.json",
							"minecraft:on_player_destroyed": {
								"event": "destroy"
							},
							"tag:ores:medium": {}
						},
						"events": {
							"destroy": {
								"run_command": {
									"command": [
										"summon xp_orb",
										"summon xp_orb"
									]
								}
							}
						}
					}
				},
				"data": "1.16.100",
				"key": "format_version"
			},
			{
				"open": {
					"format_version": "1.16.100",
					"minecraft:block": {
						"description": {
							"identifier": "ores:mica_ore",
							"is_experimental": false
						},
						"components": {
							"minecraft:destroy_time": 1000,
							"minecraft:friction": 2,
							"minecraft:explosion_resistance": 1,
							"minecraft:loot": "loot_tables/mica_loot.json",
							"minecraft:on_player_destroyed": {
								"event": "destroy"
							},
							"tag:ores:medium": {}
						},
						"events": {
							"destroy": {
								"run_command": {
									"command": [
										"summon xp_orb",
										"summon xp_orb"
									]
								}
							}
						}
					}
				},
				"key": "minecraft:block",
				"children": [
					{
						"key": "description",
						"is_minified": true,
						"children": {
							"identifier": "ores:mica_ore",
							"is_experimental": false
						}
					},
					{
						"open": {
							"description": {
								"identifier": "ores:mica_ore",
								"is_experimental": false
							},
							"components": {
								"minecraft:destroy_time": 1000,
								"minecraft:friction": 2,
								"minecraft:explosion_resistance": 1,
								"minecraft:loot": "loot_tables/mica_loot.json",
								"minecraft:on_player_destroyed": {
									"event": "destroy"
								},
								"tag:ores:medium": {}
							},
							"events": {
								"destroy": {
									"run_command": {
										"command": [
											"summon xp_orb",
											"summon xp_orb"
										]
									}
								}
							}
						},
						"key": "components",
						"children": [
							{
								"data": "1000",
								"key": "minecraft:destroy_time"
							},
							{
								"data": "2",
								"key": "minecraft:friction"
							},
							{
								"data": "1",
								"key": "minecraft:explosion_resistance"
							},
							{
								"data": "loot_tables/mica_loot.json",
								"key": "minecraft:loot"
							},
							{
								"open": {
									"minecraft:destroy_time": 1000,
									"minecraft:friction": 2,
									"minecraft:explosion_resistance": 1,
									"minecraft:loot": "loot_tables/mica_loot.json",
									"minecraft:on_player_destroyed": {
										"event": "destroy"
									},
									"tag:ores:medium": {}
								},
								"key": "minecraft:on_player_destroyed",
								"is_minified": true,
								"children": {
									"event": "destroy"
								}
							},
							{
								"key": "tag:ores:medium",
								"is_minified": true,
								"children": {}
							}
						]
					},
					{
						"open": {
							"description": {
								"identifier": "ores:mica_ore",
								"is_experimental": false
							},
							"components": {
								"minecraft:destroy_time": 1000,
								"minecraft:friction": 2,
								"minecraft:explosion_resistance": 1,
								"minecraft:loot": "loot_tables/mica_loot.json",
								"minecraft:on_player_destroyed": {
									"event": "destroy"
								},
								"tag:ores:medium": {}
							},
							"events": {
								"destroy": {
									"run_command": {
										"command": [
											"summon xp_orb",
											"summon xp_orb"
										]
									}
								}
							}
						},
						"key": "events",
						"is_minified": true,
						"children": {
							"destroy": {
								"run_command": {
									"command": [
										"summon xp_orb",
										"summon xp_orb"
									]
								}
							}
						}
					}
				]
			}
		]
	}
}