{
	"file_path": "C:\\Users\\Jacob\\AppData\\Local\\Packages\\Microsoft.MinecraftUWP_8wekyb3d8bbwe\\LocalState\\games\\com.mojang\\development_behavior_packs\\Cave Enhancements BP\\blocks\\molten_stone.json",
	"file_type": "block",
	"format_version": 1,
	"file_uuid": "49c6aae5_7263_4a5c_a1e1_7391ae3f9572",
	"file_version": 4,
	"cache_content": {
		"children": [
			{
				"data": "1.16.0",
				"key": "format_version"
			},
			{
				"open": {
					"format_version": "1.16.0",
					"minecraft:block": {
						"description": {
							"identifier": "ores:molten_stone"
						},
						"components": {
							"minecraft:destroy_time": 9,
							"minecraft:explosion_resistance": 10,
							"minecraft:loot": "loot_tables/molten_stone_loot.json",
							"tag:ores:biomestone": {}
						}
					}
				},
				"key": "minecraft:block",
				"children": [
					{
						"key": "description",
						"is_minified": true,
						"children": {
							"identifier": "ores:molten_stone"
						}
					},
					{
						"open": {
							"description": {
								"identifier": "ores:molten_stone"
							},
							"components": {
								"minecraft:destroy_time": 9,
								"minecraft:explosion_resistance": 10,
								"minecraft:loot": "loot_tables/molten_stone_loot.json",
								"tag:ores:biomestone": {}
							}
						},
						"key": "components",
						"is_minified": true,
						"children": {
							"minecraft:destroy_time": 9,
							"minecraft:explosion_resistance": 10,
							"minecraft:loot": "loot_tables/molten_stone_loot.json",
							"tag:ores:biomestone": {}
						}
					}
				]
			}
		]
	}
}