{
	"file_path": "C:\\Users\\Jacob\\AppData\\Local\\Packages\\Microsoft.MinecraftUWP_8wekyb3d8bbwe\\LocalState\\games\\com.mojang\\development_behavior_packs\\Cave Enhancements BP/blocks/moss.json",
	"file_type": "block",
	"format_version": 1,
	"file_uuid": "b498b345_255e_488e_a6bb_c7a42836b05d",
	"file_version": 0,
	"cache_content": {
		"children": [
			{
				"data": "1.16.200",
				"key": "format_version"
			},
			{
				"open": {
					"format_version": "1.16.200",
					"minecraft:block": {
						"description": {
							"identifier": "ores:moss"
						},
						"components": {
							"minecraft:destroy_time": 2,
							"minecraft:block_light_absorption": 0,
							"minecraft:block_light_emission": 0.3,
							"minecraft:explosion_resistance": 1,
							"minecraft:material_instances": {
								"*": {
									"texture": "moss",
									"render_method": "alpha_test"
								}
							},
							"minecraft:geometry": "geometry.crystal",
							"minecraft:placement_filter": {
								"conditions": [
									{
										"block_filter": [
											"minecraft:stone",
											"ores:s_stone",
											"ores:j_stone",
											"ores:i_stone",
											"ores:coldstone"
										],
										"allowed_faces": [
											"up"
										]
									}
								]
							},
							"minecraft:entity_collision": false,
							"minecraft:pick_collision": {
								"origin": [
									-8,
									0,
									-8
								],
								"size": [
									16,
									8,
									16
								]
							}
						}
					}
				},
				"key": "minecraft:block",
				"children": [
					{
						"open": {
							"description": {
								"identifier": "ores:moss"
							},
							"components": {
								"minecraft:destroy_time": 2,
								"minecraft:block_light_absorption": 0,
								"minecraft:block_light_emission": 0.3,
								"minecraft:explosion_resistance": 1,
								"minecraft:material_instances": {
									"*": {
										"texture": "moss",
										"render_method": "alpha_test"
									}
								},
								"minecraft:geometry": "geometry.crystal",
								"minecraft:placement_filter": {
									"conditions": [
										{
											"block_filter": [
												"minecraft:stone",
												"ores:s_stone",
												"ores:j_stone",
												"ores:i_stone",
												"ores:coldstone"
											],
											"allowed_faces": [
												"up"
											]
										}
									]
								},
								"minecraft:entity_collision": false,
								"minecraft:pick_collision": {
									"origin": [
										-8,
										0,
										-8
									],
									"size": [
										16,
										8,
										16
									]
								}
							}
						},
						"key": "description",
						"is_minified": true,
						"children": {
							"identifier": "ores:moss"
						}
					},
					{
						"open": {
							"description": {
								"identifier": "ores:moss"
							},
							"components": {
								"minecraft:destroy_time": 2,
								"minecraft:block_light_absorption": 0,
								"minecraft:block_light_emission": 0.3,
								"minecraft:explosion_resistance": 1,
								"minecraft:material_instances": {
									"*": {
										"texture": "moss",
										"render_method": "alpha_test"
									}
								},
								"minecraft:geometry": "geometry.crystal",
								"minecraft:placement_filter": {
									"conditions": [
										{
											"block_filter": [
												"minecraft:stone",
												"ores:s_stone",
												"ores:j_stone",
												"ores:i_stone",
												"ores:coldstone"
											],
											"allowed_faces": [
												"up"
											]
										}
									]
								},
								"minecraft:entity_collision": false,
								"minecraft:pick_collision": {
									"origin": [
										-8,
										0,
										-8
									],
									"size": [
										16,
										8,
										16
									]
								}
							}
						},
						"key": "components",
						"children": [
							{
								"data": "2",
								"key": "minecraft:destroy_time"
							},
							{
								"data": "0.0",
								"key": "minecraft:block_light_absorption"
							},
							{
								"data": "0.3",
								"key": "minecraft:block_light_emission"
							},
							{
								"data": "1",
								"key": "minecraft:explosion_resistance"
							},
							{
								"open": {
									"minecraft:destroy_time": 2,
									"minecraft:block_light_absorption": 0,
									"minecraft:block_light_emission": 0.3,
									"minecraft:explosion_resistance": 1,
									"minecraft:material_instances": {
										"*": {
											"texture": "moss",
											"render_method": "alpha_test"
										}
									},
									"minecraft:geometry": "geometry.crystal",
									"minecraft:placement_filter": {
										"conditions": [
											{
												"block_filter": [
													"minecraft:stone",
													"ores:s_stone",
													"ores:j_stone",
													"ores:i_stone",
													"ores:coldstone"
												],
												"allowed_faces": [
													"up"
												]
											}
										]
									},
									"minecraft:entity_collision": false,
									"minecraft:pick_collision": {
										"origin": [
											-8,
											0,
											-8
										],
										"size": [
											16,
											8,
											16
										]
									}
								},
								"key": "minecraft:material_instances",
								"children": [
									{
										"open": {
											"*": {
												"texture": "moss",
												"render_method": "alpha_test"
											}
										},
										"key": "*",
										"is_minified": true,
										"children": {
											"texture": "moss",
											"render_method": "alpha_test"
										}
									}
								]
							},
							{
								"data": "geometry.crystal",
								"key": "minecraft:geometry"
							},
							{
								"open": {
									"minecraft:destroy_time": 2,
									"minecraft:block_light_absorption": 0,
									"minecraft:block_light_emission": 0.3,
									"minecraft:explosion_resistance": 1,
									"minecraft:material_instances": {
										"*": {
											"texture": "moss",
											"render_method": "alpha_test"
										}
									},
									"minecraft:geometry": "geometry.crystal",
									"minecraft:placement_filter": {
										"conditions": [
											{
												"block_filter": [
													"minecraft:stone",
													"ores:s_stone",
													"ores:j_stone",
													"ores:i_stone",
													"ores:coldstone"
												],
												"allowed_faces": [
													"up"
												]
											}
										]
									},
									"minecraft:entity_collision": false,
									"minecraft:pick_collision": {
										"origin": [
											-8,
											0,
											-8
										],
										"size": [
											16,
											8,
											16
										]
									}
								},
								"key": "minecraft:placement_filter",
								"children": [
									{
										"open": {
											"conditions": [
												{
													"block_filter": [
														"minecraft:stone",
														"ores:s_stone",
														"ores:j_stone",
														"ores:i_stone",
														"ores:coldstone"
													],
													"allowed_faces": [
														"up"
													]
												}
											]
										},
										"key": "conditions",
										"children": [
											{
												"open": [
													{
														"block_filter": [
															"minecraft:stone",
															"ores:s_stone",
															"ores:j_stone",
															"ores:i_stone",
															"ores:coldstone"
														],
														"allowed_faces": [
															"up"
														]
													}
												],
												"children": [
													{
														"key": "block_filter",
														"is_minified": true,
														"children": [
															"minecraft:stone",
															"ores:s_stone",
															"ores:j_stone",
															"ores:i_stone",
															"ores:coldstone"
														]
													},
													{
														"open": {
															"block_filter": [
																"minecraft:stone",
																"ores:s_stone",
																"ores:j_stone",
																"ores:i_stone",
																"ores:coldstone"
															],
															"allowed_faces": [
																"up"
															]
														},
														"key": "allowed_faces",
														"is_minified": true,
														"children": [
															"up"
														]
													}
												]
											}
										]
									}
								]
							},
							{
								"data": "false",
								"key": "minecraft:entity_collision"
							},
							{
								"key": "minecraft:pick_collision",
								"is_minified": true,
								"children": {
									"origin": [
										-8,
										0,
										-8
									],
									"size": [
										16,
										8,
										16
									]
								}
							}
						]
					}
				]
			}
		]
	}
}