{
	"file_path": "C:\\Users\\Jacob\\AppData\\Local\\Packages\\Microsoft.MinecraftUWP_8wekyb3d8bbwe\\LocalState\\games\\com.mojang\\development_behavior_packs\\Ore Generation Public Test 1\\blocks\\ocean_stone_ore.json",
	"file_type": "block",
	"format_version": 1,
	"file_uuid": "ae080e7e_76d1_4289_9b17_b4f802d0dab2",
	"file_version": 4,
	"cache_content": {
		"children": [
			{
				"data": "1.16.0",
				"key": "format_version"
			},
			{
				"open": {
					"format_version": "1.16.0",
					"minecraft:block": {
						"description": {
							"identifier": "ores:ocean_stone_ore",
							"is_experimental": false
						},
						"components": {
							"minecraft:destroy_time": 1000,
							"minecraft:block_light_emission": 1,
							"minecraft:friction": 1,
							"minecraft:explosion_resistance": 10,
							"minecraft:loot": "loot_tables/ocean_stone_loot.json",
							"tag:ores:easy": {}
						}
					}
				},
				"key": "minecraft:block",
				"children": [
					{
						"key": "description",
						"is_minified": true,
						"children": {
							"identifier": "ores:ocean_stone_ore",
							"is_experimental": false
						}
					},
					{
						"open": {
							"description": {
								"identifier": "ores:ocean_stone_ore",
								"is_experimental": false
							},
							"components": {
								"minecraft:destroy_time": 1000,
								"minecraft:block_light_emission": 1,
								"minecraft:friction": 1,
								"minecraft:explosion_resistance": 10,
								"minecraft:loot": "loot_tables/ocean_stone_loot.json",
								"tag:ores:easy": {}
							}
						},
						"key": "components",
						"is_minified": true,
						"children": {
							"minecraft:destroy_time": 1000,
							"minecraft:block_light_emission": 1,
							"minecraft:friction": 1,
							"minecraft:explosion_resistance": 10,
							"minecraft:loot": "loot_tables/ocean_stone_loot.json",
							"tag:ores:easy": {}
						}
					}
				]
			}
		]
	}
}