{
	"file_path": "C:\\Users\\Jacob\\AppData\\Local\\Packages\\Microsoft.MinecraftUWP_8wekyb3d8bbwe\\LocalState\\games\\com.mojang\\development_behavior_packs\\Ore Generation Public Test 1\\blocks\\s_lapis.json",
	"file_type": "block",
	"format_version": 1,
	"file_uuid": "8a4fa1e8_ad7b_40db_aa94_ddde90bcce2c",
	"file_version": 3,
	"cache_content": {
		"children": [
			{
				"open": {
					"format_version": "1.16.100",
					"minecraft:block": {
						"description": {
							"identifier": "ores:s_lapis"
						},
						"components": {
							"minecraft:destroy_time": 1000,
							"minecraft:explosion_resistance": 2,
							"minecraft:loot": "loot_tables/s_lapis_loot.json",
							"minecraft:on_player_destroyed": {
								"event": "destroy"
							},
							"tag:ores:easy": {}
						},
						"events": {
							"destroy": {
								"run_command": {
									"command": [
										"summon xp_orb",
										"summon xp_orb"
									]
								}
							}
						}
					}
				},
				"data": "1.16.100",
				"key": "format_version"
			},
			{
				"open": {
					"format_version": "1.16.100",
					"minecraft:block": {
						"description": {
							"identifier": "ores:s_lapis"
						},
						"components": {
							"minecraft:destroy_time": 1000,
							"minecraft:explosion_resistance": 2,
							"minecraft:loot": "loot_tables/s_lapis_loot.json",
							"minecraft:on_player_destroyed": {
								"event": "destroy"
							},
							"tag:ores:easy": {}
						},
						"events": {
							"destroy": {
								"run_command": {
									"command": [
										"summon xp_orb",
										"summon xp_orb"
									]
								}
							}
						}
					}
				},
				"key": "minecraft:block",
				"children": [
					{
						"key": "description",
						"is_minified": true,
						"children": {
							"identifier": "ores:s_lapis"
						}
					},
					{
						"open": {
							"description": {
								"identifier": "ores:s_lapis"
							},
							"components": {
								"minecraft:destroy_time": 1000,
								"minecraft:explosion_resistance": 2,
								"minecraft:loot": "loot_tables/s_lapis_loot.json",
								"minecraft:on_player_destroyed": {
									"event": "destroy"
								},
								"tag:ores:easy": {}
							},
							"events": {
								"destroy": {
									"run_command": {
										"command": [
											"summon xp_orb",
											"summon xp_orb"
										]
									}
								}
							}
						},
						"key": "components",
						"children": [
							{
								"data": "1000",
								"key": "minecraft:destroy_time"
							},
							{
								"data": "2",
								"key": "minecraft:explosion_resistance"
							},
							{
								"data": "loot_tables/s_lapis_loot.json",
								"key": "minecraft:loot"
							},
							{
								"open": {
									"minecraft:destroy_time": 1000,
									"minecraft:explosion_resistance": 2,
									"minecraft:loot": "loot_tables/s_lapis_loot.json",
									"minecraft:on_player_destroyed": {
										"event": "destroy"
									},
									"tag:ores:easy": {}
								},
								"key": "minecraft:on_player_destroyed",
								"is_minified": true,
								"children": {
									"event": "destroy"
								}
							},
							{
								"key": "tag:ores:easy",
								"is_minified": true,
								"children": {}
							}
						]
					},
					{
						"open": {
							"description": {
								"identifier": "ores:s_lapis"
							},
							"components": {
								"minecraft:destroy_time": 1000,
								"minecraft:explosion_resistance": 2,
								"minecraft:loot": "loot_tables/s_lapis_loot.json",
								"minecraft:on_player_destroyed": {
									"event": "destroy"
								},
								"tag:ores:easy": {}
							},
							"events": {
								"destroy": {
									"run_command": {
										"command": [
											"summon xp_orb",
											"summon xp_orb"
										]
									}
								}
							}
						},
						"key": "events",
						"is_minified": true,
						"children": {
							"destroy": {
								"run_command": {
									"command": [
										"summon xp_orb",
										"summon xp_orb"
									]
								}
							}
						}
					}
				]
			}
		]
	}
}