{
	"file_path": "C:\\Users\\Jacob\\AppData\\Local\\Packages\\Microsoft.MinecraftUWP_8wekyb3d8bbwe\\LocalState\\games\\com.mojang\\development_behavior_packs\\Ore Generation Public Test 1\\blocks\\sapphire_ore.json",
	"file_type": "block",
	"format_version": 1,
	"file_uuid": "076edf7a_243f_4ce9_ac6f_dd46346fadc8",
	"file_version": 3,
	"cache_content": {
		"children": [
			{
				"open": {
					"format_version": "1.16.100",
					"minecraft:block": {
						"description": {
							"identifier": "ores:sapphire_ore",
							"is_experimental": false
						},
						"components": {
							"minecraft:destroy_time": 1000,
							"minecraft:friction": 1,
							"minecraft:explosion_resistance": 19,
							"minecraft:loot": "loot_tables/sapphire_loot.json",
							"minecraft:on_player_destroyed": {
								"event": "destroy"
							},
							"tag:ores:medium": {}
						},
						"events": {
							"destroy": {
								"run_command": {
									"command": [
										"summon xp_orb",
										"summon xp_orb",
										"summon xp_orb"
									]
								}
							}
						}
					}
				},
				"data": "1.16.100",
				"key": "format_version"
			},
			{
				"open": {
					"format_version": "1.16.100",
					"minecraft:block": {
						"description": {
							"identifier": "ores:sapphire_ore",
							"is_experimental": false
						},
						"components": {
							"minecraft:destroy_time": 1000,
							"minecraft:friction": 1,
							"minecraft:explosion_resistance": 19,
							"minecraft:loot": "loot_tables/sapphire_loot.json",
							"minecraft:on_player_destroyed": {
								"event": "destroy"
							},
							"tag:ores:medium": {}
						},
						"events": {
							"destroy": {
								"run_command": {
									"command": [
										"summon xp_orb",
										"summon xp_orb",
										"summon xp_orb"
									]
								}
							}
						}
					}
				},
				"key": "minecraft:block",
				"children": [
					{
						"key": "description",
						"is_minified": true,
						"children": {
							"identifier": "ores:sapphire_ore",
							"is_experimental": false
						}
					},
					{
						"open": {
							"description": {
								"identifier": "ores:sapphire_ore",
								"is_experimental": false
							},
							"components": {
								"minecraft:destroy_time": 1000,
								"minecraft:friction": 1,
								"minecraft:explosion_resistance": 19,
								"minecraft:loot": "loot_tables/sapphire_loot.json",
								"minecraft:on_player_destroyed": {
									"event": "destroy"
								},
								"tag:ores:medium": {}
							},
							"events": {
								"destroy": {
									"run_command": {
										"command": [
											"summon xp_orb",
											"summon xp_orb",
											"summon xp_orb"
										]
									}
								}
							}
						},
						"key": "components",
						"children": [
							{
								"data": "1000",
								"key": "minecraft:destroy_time"
							},
							{
								"data": "1",
								"key": "minecraft:friction"
							},
							{
								"data": "19",
								"key": "minecraft:explosion_resistance"
							},
							{
								"data": "loot_tables/sapphire_loot.json",
								"key": "minecraft:loot"
							},
							{
								"open": {
									"minecraft:destroy_time": 1000,
									"minecraft:friction": 1,
									"minecraft:explosion_resistance": 19,
									"minecraft:loot": "loot_tables/sapphire_loot.json",
									"minecraft:on_player_destroyed": {
										"event": "destroy"
									},
									"tag:ores:medium": {}
								},
								"key": "minecraft:on_player_destroyed",
								"is_minified": true,
								"children": {
									"event": "destroy"
								}
							},
							{
								"key": "tag:ores:medium",
								"is_minified": true,
								"children": {}
							}
						]
					},
					{
						"open": {
							"description": {
								"identifier": "ores:sapphire_ore",
								"is_experimental": false
							},
							"components": {
								"minecraft:destroy_time": 1000,
								"minecraft:friction": 1,
								"minecraft:explosion_resistance": 19,
								"minecraft:loot": "loot_tables/sapphire_loot.json",
								"minecraft:on_player_destroyed": {
									"event": "destroy"
								},
								"tag:ores:medium": {}
							},
							"events": {
								"destroy": {
									"run_command": {
										"command": [
											"summon xp_orb",
											"summon xp_orb",
											"summon xp_orb"
										]
									}
								}
							}
						},
						"key": "events",
						"children": [
							{
								"open": {
									"destroy": {
										"run_command": {
											"command": [
												"summon xp_orb",
												"summon xp_orb",
												"summon xp_orb"
											]
										}
									}
								},
								"key": "destroy",
								"children": [
									{
										"open": {
											"run_command": {
												"command": [
													"summon xp_orb",
													"summon xp_orb",
													"summon xp_orb"
												]
											}
										},
										"key": "run_command",
										"children": [
											{
												"open": {
													"command": [
														"summon xp_orb",
														"summon xp_orb",
														"summon xp_orb"
													]
												},
												"key": "command",
												"is_minified": true,
												"children": [
													"summon xp_orb",
													"summon xp_orb",
													"summon xp_orb"
												]
											}
										]
									}
								]
							}
						]
					}
				]
			}
		]
	}
}