{
	"file_path": "C:\\Users\\Jacob\\AppData\\Local\\Packages\\Microsoft.MinecraftUWP_8wekyb3d8bbwe\\LocalState\\games\\com.mojang\\development_behavior_packs\\Ore Generation Public Test 1\\blocks\\spread.json",
	"file_type": "block",
	"format_version": 1,
	"file_uuid": "4bb3ed93_befa_4fa2_ab2a_33cf8dd7317e",
	"file_version": 1,
	"cache_content": {
		"children": [
			{
				"data": "1.16.100",
				"key": "format_version"
			},
			{
				"open": {
					"format_version": "1.16.100",
					"minecraft:block": {
						"description": {
							"identifier": "ores:spread"
						},
						"components": {
							"minecraft:destroy_time": 1,
							"minecraft:block_light_emission": 0.5,
							"minecraft:explosion_resistance": 1,
							"minecraft:ticking": {
								"range": [
									1,
									1
								],
								"on_tick": {
									"event": "test"
								}
							}
						},
						"events": {
							"test": {
								"run_command": {
									"command": [
										"fill ~~~ ~40 ~5 ~42 ores:end_grass 0 replace end_stone 0",
										"fill ~~~ ~ ~-2 ~  ores:end_grass 0 replace end_stone 0"
									]
								}
							}
						}
					}
				},
				"key": "minecraft:block",
				"children": [
					{
						"open": {
							"description": {
								"identifier": "ores:spread"
							},
							"components": {
								"minecraft:destroy_time": 1,
								"minecraft:block_light_emission": 0.5,
								"minecraft:explosion_resistance": 1,
								"minecraft:ticking": {
									"range": [
										1,
										1
									],
									"on_tick": {
										"event": "test"
									}
								}
							},
							"events": {
								"test": {
									"run_command": {
										"command": [
											"fill ~~~ ~40 ~5 ~42 ores:end_grass 0 replace end_stone 0",
											"fill ~~~ ~ ~-2 ~  ores:end_grass 0 replace end_stone 0"
										]
									}
								}
							}
						},
						"key": "description",
						"is_minified": true,
						"children": {
							"identifier": "ores:spread"
						}
					},
					{
						"open": {
							"description": {
								"identifier": "ores:spread"
							},
							"components": {
								"minecraft:destroy_time": 1,
								"minecraft:block_light_emission": 0.5,
								"minecraft:explosion_resistance": 1,
								"minecraft:ticking": {
									"range": [
										1,
										1
									],
									"on_tick": {
										"event": "test"
									}
								}
							},
							"events": {
								"test": {
									"run_command": {
										"command": [
											"fill ~~~ ~40 ~5 ~42 ores:end_grass 0 replace end_stone 0",
											"fill ~~~ ~ ~-2 ~  ores:end_grass 0 replace end_stone 0"
										]
									}
								}
							}
						},
						"key": "components",
						"children": [
							{
								"data": "1",
								"key": "minecraft:destroy_time"
							},
							{
								"data": "0.5",
								"key": "minecraft:block_light_emission"
							},
							{
								"data": "1",
								"key": "minecraft:explosion_resistance"
							},
							{
								"open": {
									"minecraft:destroy_time": 1,
									"minecraft:block_light_emission": 0.5,
									"minecraft:explosion_resistance": 1,
									"minecraft:ticking": {
										"range": [
											1,
											1
										],
										"on_tick": {
											"event": "test"
										}
									}
								},
								"key": "minecraft:ticking",
								"children": [
									{
										"open": {
											"range": [
												1,
												1
											],
											"on_tick": {
												"event": "test"
											}
										},
										"key": "range",
										"is_minified": true,
										"children": [
											1,
											1
										]
									},
									{
										"open": {
											"range": [
												1,
												1
											],
											"on_tick": {
												"event": "test"
											}
										},
										"key": "on_tick",
										"is_minified": true,
										"children": {
											"event": "test"
										}
									}
								]
							}
						]
					},
					{
						"open": {
							"description": {
								"identifier": "ores:spread"
							},
							"components": {
								"minecraft:destroy_time": 1,
								"minecraft:block_light_emission": 0.5,
								"minecraft:explosion_resistance": 1,
								"minecraft:ticking": {
									"range": [
										1,
										1
									],
									"on_tick": {
										"event": "test"
									}
								}
							},
							"events": {
								"test": {
									"run_command": {
										"command": [
											"fill ~~~ ~40 ~5 ~42 ores:end_grass 0 replace end_stone 0",
											"fill ~~~ ~ ~-2 ~  ores:end_grass 0 replace end_stone 0"
										]
									}
								}
							}
						},
						"key": "events",
						"children": [
							{
								"open": {
									"test": {
										"run_command": {
											"command": [
												"fill ~~~ ~40 ~5 ~42 ores:end_grass 0 replace end_stone 0",
												"fill ~~~ ~ ~-2 ~  ores:end_grass 0 replace end_stone 0"
											]
										}
									}
								},
								"key": "test",
								"children": [
									{
										"open": {
											"run_command": {
												"command": [
													"fill ~~~ ~40 ~5 ~42 ores:end_grass 0 replace end_stone 0",
													"fill ~~~ ~ ~-2 ~  ores:end_grass 0 replace end_stone 0"
												]
											}
										},
										"key": "run_command",
										"children": [
											{
												"open": {
													"command": [
														"fill ~~~ ~40 ~5 ~42 ores:end_grass 0 replace end_stone 0",
														"fill ~~~ ~ ~-2 ~  ores:end_grass 0 replace end_stone 0"
													]
												},
												"key": "command",
												"is_minified": true,
												"children": [
													"fill ~~~ ~40 ~5 ~42 ores:end_grass 0 replace end_stone 0",
													"fill ~~~ ~ ~-2 ~  ores:end_grass 0 replace end_stone 0"
												]
											}
										]
									}
								]
							}
						]
					}
				]
			}
		]
	}
}