{
    "linked_pack": [
        "df9d431d-160a-41b1-b1b6-8e5e9b3379e2",
        "C:\\Users\\Jacob\\AppData\\Local\\Packages\\Microsoft.MinecraftUWP_8wekyb3d8bbwe\\LocalState\\games\\com.mojang\\development_behavior_packs\\CaveUpdate"
    ],
    "pack_name": "Cave Update Structures Final",
    "structures": [
        {
            "filepaths": [
                "C:\\Users\\Jacob\\AppData\\Local\\Packages\\Microsoft.MinecraftUWP_8wekyb3d8bbwe\\LocalState\\games\\com.mojang\\development_behavior_packs\\CaveUpdate\\structures\\mossbiome2.mcstructure",
                "C:\\Users\\Jacob\\AppData\\Local\\Packages\\Microsoft.MinecraftUWP_8wekyb3d8bbwe\\LocalState\\games\\com.mojang\\development_behavior_packs\\CaveUpdate\\feature_rules\\mossbiome2_feature_rule.json",
                "C:\\Users\\Jacob\\AppData\\Local\\Packages\\Microsoft.MinecraftUWP_8wekyb3d8bbwe\\LocalState\\games\\com.mojang\\development_behavior_packs\\CaveUpdate\\features\\mossbiome2_feature_mcstructure.json"
            ],
            "settings": {
                "spawning_method": 2,
                "spawn_chance": 1,
                "name": "MossBiome2",
                "include_air": true,
                "grounded": true,
                "max_y": 58,
                "min_y": 0
            },
            "biomes": [
                [
                    "overworld",
                    "stone"
                ],
                []
            ],
            "structure_type": "basic structure",
            "structure_name": "mossbiome2",
            "structure_display_name": "Mossbiome2"
        },
        {
            "filepaths": [
                "C:\\Users\\Jacob\\AppData\\Local\\Packages\\Microsoft.MinecraftUWP_8wekyb3d8bbwe\\LocalState\\games\\com.mojang\\development_behavior_packs\\CaveUpdate\\structures\\mossbiome1.mcstructure",
                "C:\\Users\\Jacob\\AppData\\Local\\Packages\\Microsoft.MinecraftUWP_8wekyb3d8bbwe\\LocalState\\games\\com.mojang\\development_behavior_packs\\CaveUpdate\\feature_rules\\mossbiome1_feature_rule.json",
                "C:\\Users\\Jacob\\AppData\\Local\\Packages\\Microsoft.MinecraftUWP_8wekyb3d8bbwe\\LocalState\\games\\com.mojang\\development_behavior_packs\\CaveUpdate\\features\\mossbiome1_feature_mcstructure.json"
            ],
            "settings": {
                "spawning_method": 2,
                "spawn_chance": 1,
                "name": "Mossbiome1",
                "include_air": true,
                "grounded": true,
                "max_y": 58,
                "min_y": 0
            },
            "biomes": [
                [
                    "overworld",
                    "stone"
                ],
                []
            ],
            "structure_type": "basic structure",
            "structure_name": "mossbiome1",
            "structure_display_name": "Mossbiome1"
        },
        {
            "filepaths": [
                "C:\\Users\\Jacob\\AppData\\Local\\Packages\\Microsoft.MinecraftUWP_8wekyb3d8bbwe\\LocalState\\games\\com.mojang\\development_behavior_packs\\CaveUpdate\\structures\\dungeon1.mcstructure",
                "C:\\Users\\Jacob\\AppData\\Local\\Packages\\Microsoft.MinecraftUWP_8wekyb3d8bbwe\\LocalState\\games\\com.mojang\\development_behavior_packs\\CaveUpdate\\feature_rules\\dungeon1_feature_rule.json",
                "C:\\Users\\Jacob\\AppData\\Local\\Packages\\Microsoft.MinecraftUWP_8wekyb3d8bbwe\\LocalState\\games\\com.mojang\\development_behavior_packs\\CaveUpdate\\features\\dungeon1_feature_mcstructure.json"
            ],
            "settings": {
                "spawning_method": 2,
                "spawn_chance": 1,
                "name": "Dungeon1",
                "include_air": true,
                "grounded": true,
                "max_y": 60,
                "min_y": 0
            },
            "biomes": [
                [
                    "overworld",
                    "stone"
                ],
                []
            ],
            "structure_type": "basic structure",
            "structure_name": "dungeon1",
            "structure_display_name": "Dungeon1"
        },
        {
            "filepaths": [
                "C:\\Users\\Jacob\\AppData\\Local\\Packages\\Microsoft.MinecraftUWP_8wekyb3d8bbwe\\LocalState\\games\\com.mojang\\development_behavior_packs\\CaveUpdate\\structures\\dungeon2.mcstructure",
                "C:\\Users\\Jacob\\AppData\\Local\\Packages\\Microsoft.MinecraftUWP_8wekyb3d8bbwe\\LocalState\\games\\com.mojang\\development_behavior_packs\\CaveUpdate\\feature_rules\\dungeon2_feature_rule.json",
                "C:\\Users\\Jacob\\AppData\\Local\\Packages\\Microsoft.MinecraftUWP_8wekyb3d8bbwe\\LocalState\\games\\com.mojang\\development_behavior_packs\\CaveUpdate\\features\\dungeon2_feature_mcstructure.json"
            ],
            "settings": {
                "spawning_method": 2,
                "spawn_chance": 1,
                "name": "Dungeon2",
                "include_air": true,
                "grounded": true,
                "max_y": 60,
                "min_y": 0
            },
            "biomes": [
                [
                    "overworld",
                    "stone"
                ],
                []
            ],
            "structure_type": "basic structure",
            "structure_name": "dungeon2",
            "structure_display_name": "Dungeon2"
        },
        {
            "filepaths": [
                "C:\\Users\\Jacob\\AppData\\Local\\Packages\\Microsoft.MinecraftUWP_8wekyb3d8bbwe\\LocalState\\games\\com.mojang\\development_behavior_packs\\CaveUpdate\\structures\\crystalcave.mcstructure",
                "C:\\Users\\Jacob\\AppData\\Local\\Packages\\Microsoft.MinecraftUWP_8wekyb3d8bbwe\\LocalState\\games\\com.mojang\\development_behavior_packs\\CaveUpdate\\feature_rules\\crystalcave_feature_rule.json",
                "C:\\Users\\Jacob\\AppData\\Local\\Packages\\Microsoft.MinecraftUWP_8wekyb3d8bbwe\\LocalState\\games\\com.mojang\\development_behavior_packs\\CaveUpdate\\features\\crystalcave_feature_mcstructure.json"
            ],
            "settings": {
                "spawning_method": 2,
                "spawn_chance": 35,
                "name": "CrystalCave",
                "include_air": true,
                "grounded": true,
                "max_y": 54,
                "min_y": 0
            },
            "biomes": [
                [
                    "overworld",
                    "stone"
                ],
                []
            ],
            "structure_type": "basic structure",
            "structure_name": "crystalcave",
            "structure_display_name": "Crystalcave"
        }
    ]
}