{
	"file_path": "C:\\Users\\Jacob\\AppData\\Local\\Packages\\Microsoft.MinecraftUWP_8wekyb3d8bbwe\\LocalState\\games\\com.mojang\\development_behavior_packs\\Cave Enhancements BP\\features\\glowing_grape_scatter.json",
	"file_type": "feature",
	"format_version": 1,
	"file_uuid": "d44ec807_b22c_4933_b388_1abdc4775ae5",
	"file_version": 1,
	"cache_content": {
		"children": [
			{
				"data": "1.13.0",
				"key": "format_version"
			},
			{
				"open": {
					"format_version": "1.13.0",
					"minecraft:scatter_feature": {
						"description": {
							"identifier": "ores:glowing_grape_scatter"
						},
						"iterations": 20,
						"x": {
							"distribution": "gaussian",
							"extent": [
								-8,
								8
							]
						},
						"y": {
							"distribution": "gaussian",
							"extent": [
								35,
								50
							]
						},
						"z": {
							"distribution": "gaussian",
							"extent": [
								-8,
								8
							]
						},
						"coordinate_eval_order": "zyx",
						"places_feature": [
							"ores:grape_bush_feature"
						],
						"project_input_to_floor": true
					}
				},
				"key": "minecraft:scatter_feature",
				"children": [
					{
						"open": {
							"description": {
								"identifier": "ores:glowing_grape_scatter"
							},
							"iterations": 20,
							"x": {
								"distribution": "gaussian",
								"extent": [
									-8,
									8
								]
							},
							"y": {
								"distribution": "gaussian",
								"extent": [
									35,
									50
								]
							},
							"z": {
								"distribution": "gaussian",
								"extent": [
									-8,
									8
								]
							},
							"coordinate_eval_order": "zyx",
							"places_feature": [
								"ores:grape_bush_feature"
							],
							"project_input_to_floor": true
						},
						"key": "description",
						"is_minified": true,
						"children": {
							"identifier": "ores:glowing_grape_scatter"
						}
					},
					{
						"data": "20",
						"key": "iterations"
					},
					{
						"open": {
							"description": {
								"identifier": "ores:glowing_grape_scatter"
							},
							"iterations": 20,
							"x": {
								"distribution": "gaussian",
								"extent": [
									-8,
									8
								]
							},
							"y": {
								"distribution": "gaussian",
								"extent": [
									35,
									50
								]
							},
							"z": {
								"distribution": "gaussian",
								"extent": [
									-8,
									8
								]
							},
							"coordinate_eval_order": "zyx",
							"places_feature": [
								"ores:grape_bush_feature"
							],
							"project_input_to_floor": true
						},
						"key": "x",
						"is_minified": true,
						"children": {
							"distribution": "gaussian",
							"extent": [
								-8,
								8
							]
						}
					},
					{
						"open": {
							"description": {
								"identifier": "ores:glowing_grape_scatter"
							},
							"iterations": 20,
							"x": {
								"distribution": "gaussian",
								"extent": [
									-8,
									8
								]
							},
							"y": {
								"distribution": "gaussian",
								"extent": [
									35,
									50
								]
							},
							"z": {
								"distribution": "gaussian",
								"extent": [
									-8,
									8
								]
							},
							"coordinate_eval_order": "zyx",
							"places_feature": [
								"ores:grape_bush_feature"
							],
							"project_input_to_floor": true
						},
						"key": "y",
						"children": [
							{
								"data": "gaussian",
								"key": "distribution"
							},
							{
								"open": {
									"distribution": "gaussian",
									"extent": [
										35,
										50
									]
								},
								"key": "extent",
								"is_minified": true,
								"children": [
									35,
									50
								]
							}
						]
					},
					{
						"open": {
							"description": {
								"identifier": "ores:glowing_grape_scatter"
							},
							"iterations": 20,
							"x": {
								"distribution": "gaussian",
								"extent": [
									-8,
									8
								]
							},
							"y": {
								"distribution": "gaussian",
								"extent": [
									35,
									50
								]
							},
							"z": {
								"distribution": "gaussian",
								"extent": [
									-8,
									8
								]
							},
							"coordinate_eval_order": "zyx",
							"places_feature": [
								"ores:grape_bush_feature"
							],
							"project_input_to_floor": true
						},
						"key": "z",
						"children": [
							{
								"data": "gaussian",
								"key": "distribution"
							},
							{
								"open": {
									"distribution": "gaussian",
									"extent": [
										-8,
										8
									]
								},
								"key": "extent",
								"is_minified": true,
								"children": [
									-8,
									8
								]
							}
						]
					},
					{
						"data": "zyx",
						"key": "coordinate_eval_order"
					},
					{
						"open": {
							"description": {
								"identifier": "ores:glowing_grape_scatter"
							},
							"iterations": 20,
							"x": {
								"distribution": "gaussian",
								"extent": [
									-8,
									8
								]
							},
							"y": {
								"distribution": "gaussian",
								"extent": [
									35,
									50
								]
							},
							"z": {
								"distribution": "gaussian",
								"extent": [
									-8,
									8
								]
							},
							"coordinate_eval_order": "zyx",
							"places_feature": [
								"ores:grape_bush_feature"
							],
							"project_input_to_floor": true
						},
						"key": "places_feature",
						"is_minified": true,
						"children": [
							"ores:grape_bush_feature"
						]
					},
					{
						"data": "true",
						"key": "project_input_to_floor"
					}
				]
			}
		]
	}
}