{
	"file_path": "C:\\Users\\Jacob\\AppData\\Local\\Packages\\Microsoft.MinecraftUWP_8wekyb3d8bbwe\\LocalState\\games\\com.mojang\\development_behavior_packs\\Ore Generation Public Test 1/features/slush_feature.json",
	"file_type": "feature",
	"format_version": 1,
	"file_uuid": "3cb7e45b_b557_4fd6_8c2e_9f48674fe85f",
	"file_version": 0,
	"cache_content": {
		"children": [
			{
				"data": "1.16.100",
				"key": "format_version"
			},
			{
				"open": {
					"format_version": "1.16.100",
					"minecraft:ore_feature": {
						"description": {
							"identifier": "ores:slush_feature"
						},
						"count": 10,
						"places_block": {
							"name": "ores:slush",
							"states": {}
						},
						"may_replace": [
							{
								"name": "minecraft:stone",
								"states": {
									"stone_type": "stone"
								}
							},
							{
								"name": "ores:istone",
								"states": {}
							},
							{
								"name": "ores:coldstone",
								"states": {}
							}
						]
					}
				},
				"key": "minecraft:ore_feature",
				"children": [
					{
						"open": {
							"description": {
								"identifier": "ores:slush_feature"
							},
							"count": 10,
							"places_block": {
								"name": "ores:slush",
								"states": {}
							},
							"may_replace": [
								{
									"name": "minecraft:stone",
									"states": {
										"stone_type": "stone"
									}
								},
								{
									"name": "ores:istone",
									"states": {}
								},
								{
									"name": "ores:coldstone",
									"states": {}
								}
							]
						},
						"key": "description",
						"is_minified": true,
						"children": {
							"identifier": "ores:slush_feature"
						}
					},
					{
						"open": {
							"description": {
								"identifier": "ores:slush_feature"
							},
							"count": 10,
							"places_block": {
								"name": "ores:slush",
								"states": {}
							},
							"may_replace": [
								{
									"name": "minecraft:stone",
									"states": {
										"stone_type": "stone"
									}
								},
								{
									"name": "ores:istone",
									"states": {}
								},
								{
									"name": "ores:coldstone",
									"states": {}
								}
							]
						},
						"data": "10",
						"key": "count"
					},
					{
						"open": {
							"description": {
								"identifier": "ores:slush_feature"
							},
							"count": 10,
							"places_block": {
								"name": "ores:slush",
								"states": {}
							},
							"may_replace": [
								{
									"name": "minecraft:stone",
									"states": {
										"stone_type": "stone"
									}
								},
								{
									"name": "ores:istone",
									"states": {}
								},
								{
									"name": "ores:coldstone",
									"states": {}
								}
							]
						},
						"key": "places_block",
						"is_minified": true,
						"children": {
							"name": "ores:slush",
							"states": {}
						}
					},
					{
						"open": {
							"description": {
								"identifier": "ores:slush_feature"
							},
							"count": 10,
							"places_block": {
								"name": "ores:slush",
								"states": {}
							},
							"may_replace": [
								{
									"name": "minecraft:stone",
									"states": {
										"stone_type": "stone"
									}
								},
								{
									"name": "ores:istone",
									"states": {}
								},
								{
									"name": "ores:coldstone",
									"states": {}
								}
							]
						},
						"key": "may_replace",
						"children": [
							{
								"open": [
									{
										"name": "minecraft:stone",
										"states": {
											"stone_type": "stone"
										}
									},
									{
										"name": "ores:istone",
										"states": {}
									},
									{
										"name": "ores:coldstone",
										"states": {}
									}
								],
								"children": [
									{
										"open": {
											"name": "minecraft:stone",
											"states": {
												"stone_type": "stone"
											}
										},
										"data": "minecraft:stone",
										"key": "name"
									},
									{
										"open": {
											"name": "minecraft:stone",
											"states": {
												"stone_type": "stone"
											}
										},
										"key": "states",
										"is_minified": true,
										"children": {
											"stone_type": "stone"
										}
									}
								]
							},
							{
								"open": [
									{
										"name": "minecraft:stone",
										"states": {
											"stone_type": "stone"
										}
									},
									{
										"name": "ores:istone",
										"states": {}
									},
									{
										"name": "ores:coldstone",
										"states": {}
									}
								],
								"is_minified": true,
								"children": {
									"name": "ores:istone",
									"states": {}
								}
							},
							{
								"open": [
									{
										"name": "minecraft:stone",
										"states": {
											"stone_type": "stone"
										}
									},
									{
										"name": "ores:istone",
										"states": {}
									},
									{
										"name": "ores:coldstone",
										"states": {}
									}
								],
								"is_minified": true,
								"children": {
									"name": "ores:coldstone",
									"states": {}
								}
							}
						]
					}
				]
			}
		]
	}
}