{
	"file_path": "C:\\Users\\Jacob\\AppData\\Local\\Packages\\Microsoft.MinecraftUWP_8wekyb3d8bbwe\\LocalState\\games\\com.mojang\\development_behavior_packs\\Ore Generation Public Test 1/features/warped_stone_gen.json",
	"file_type": "feature",
	"format_version": 1,
	"file_uuid": "a64a82c0_b698_46d3_ba13_3d065d2d3e69",
	"file_version": 0,
	"cache_content": {
		"children": [
			{
				"data": "1.13.0",
				"key": "format_version"
			},
			{
				"open": {
					"format_version": "1.13.0",
					"minecraft:ore_feature": {
						"description": {
							"identifier": "ores:warped_stone_gen"
						},
						"count": 150,
						"places_block": {
							"name": "ores:w_rack",
							"states": {}
						},
						"may_replace": [
							{
								"name": "minecraft:netherrack",
								"states": {}
							}
						]
					}
				},
				"key": "minecraft:ore_feature",
				"children": [
					{
						"open": {
							"description": {
								"identifier": "ores:warped_stone_gen"
							},
							"count": 150,
							"places_block": {
								"name": "ores:w_rack",
								"states": {}
							},
							"may_replace": [
								{
									"name": "minecraft:netherrack",
									"states": {}
								}
							]
						},
						"key": "description",
						"is_minified": true,
						"children": {
							"identifier": "ores:warped_stone_gen"
						}
					},
					{
						"open": {
							"description": {
								"identifier": "ores:warped_stone_gen"
							},
							"count": 150,
							"places_block": {
								"name": "ores:w_rack",
								"states": {}
							},
							"may_replace": [
								{
									"name": "minecraft:netherrack",
									"states": {}
								}
							]
						},
						"data": "150",
						"key": "count"
					},
					{
						"open": {
							"description": {
								"identifier": "ores:warped_stone_gen"
							},
							"count": 150,
							"places_block": {
								"name": "ores:w_rack",
								"states": {}
							},
							"may_replace": [
								{
									"name": "minecraft:netherrack",
									"states": {}
								}
							]
						},
						"key": "places_block",
						"is_minified": true,
						"children": {
							"name": "ores:w_rack",
							"states": {}
						}
					},
					{
						"open": {
							"description": {
								"identifier": "ores:warped_stone_gen"
							},
							"count": 150,
							"places_block": {
								"name": "ores:w_rack",
								"states": {}
							},
							"may_replace": [
								{
									"name": "minecraft:netherrack",
									"states": {}
								}
							]
						},
						"key": "may_replace",
						"is_minified": true,
						"children": [
							{
								"name": "minecraft:netherrack",
								"states": {}
							}
						]
					}
				]
			}
		]
	}
}