{
	"format_version": "1.12.0",
	"minecraft:geometry": [
		{
			"description": {
				"identifier": "geometry.alloy",
				"texture_width": 128,
				"texture_height": 128,
				"visible_bounds_width": 2,
				"visible_bounds_height": 2.5,
				"visible_bounds_offset": [0, 0.75, 0]
			},
			"bones": [
				{
					"name": "unknown_bone",
					"pivot": [0, 0, 0],
					"cubes": [
						{"origin": [-8, 0, -8], "size": [16, 0, 16], "uv": [0, 0]},
						{"origin": [7, 0, -7], "size": [1, 16, 14], "uv": [30, 31]},
						{"origin": [-7, 0, -8], "size": [14, 16, 1], "uv": [56, 17]},
						{"origin": [-8, 0, -7], "size": [1, 16, 14], "uv": [0, 31]},
						{"origin": [-7, 0, 7], "size": [14, 16, 1], "uv": [48, 0]},
						{"origin": [-7, 16, -7], "size": [14, 1, 14], "uv": [0, 16]}
					]
				}
			]
		}
	]
}