{
	"format_version": "1.12.0",
	"minecraft:geometry": [
		{
			"description": {
				"identifier": "geometry.cactus",
				"texture_width": 64,
				"texture_height": 64,
				"visible_bounds_width": 2,
				"visible_bounds_height": 2.5,
				"visible_bounds_offset": [0, 0.75, 0]
			},
			"bones": [
				{
					"name": "body",
					"pivot": [0, 0, 0],
					"cubes": [
						{"origin": [-5, 0, -5], "size": [10, 16, 10], "uv": [0, 0]}
					]
				},
				{
					"name": "1",
					"pivot": [0, 0, 0],
					"cubes": [
						{"origin": [5, 0, 5], "size": [1, 16, 0], "uv": [14, 40]}
					]
				},
				{
					"name": "2",
					"pivot": [0, 0, 0],
					"cubes": [
						{"origin": [5, 0, 5], "size": [0, 16, 1], "uv": [6, 39]}
					]
				},
				{
					"name": "3",
					"pivot": [0, 0, 0],
					"cubes": [
						{"origin": [5, 0, -6], "size": [0, 16, 1], "uv": [4, 39]}
					]
				},
				{
					"name": "4",
					"pivot": [6, 0, -5],
					"cubes": [
						{"origin": [5, 0, -5], "size": [1, 16, 0], "uv": [12, 40]}
					]
				},
				{
					"name": "5",
					"pivot": [0, 0, 0],
					"cubes": [
						{"origin": [-5, 0, -6], "size": [0, 16, 1], "uv": [2, 39]}
					]
				},
				{
					"name": "6",
					"pivot": [0, 0, 0],
					"cubes": [
						{"origin": [-6, 0, -5], "size": [1, 16, 0], "uv": [10, 40]}
					]
				},
				{
					"name": "7",
					"pivot": [-4, 0, 5],
					"cubes": [
						{"origin": [-5, 0, 5], "size": [0, 16, 1], "uv": [0, 39]}
					]
				},
				{
					"name": "8",
					"pivot": [-5, 0, 4],
					"cubes": [
						{"origin": [-6, 0, 5], "size": [1, 16, 0], "uv": [8, 40]}
					]
				},
				{
					"name": "bulb1",
					"pivot": [1, 7, 5],
					"cubes": [
						{"origin": [0, 9, 4], "size": [4, 4, 3], "pivot": [2, 9, 5], "rotation": [-5, 0, 7.5], "uv": [39, 39]},
						{"origin": [-4, 2, 4], "size": [4, 4, 3], "pivot": [-2, 2, 5], "rotation": [-7.5, 2.5, -2.5], "uv": [28, 35]},
						{"origin": [-7, 2, -2], "size": [4, 4, 3], "pivot": [-5, 2, -1], "rotation": [12.5, 2.5, -5], "uv": [14, 33]},
						{"origin": [-7, 10, 0], "size": [4, 4, 3], "pivot": [-5, 10, 1], "rotation": [-7.5, 2.5, -12.5], "uv": [0, 33]},
						{"origin": [-3, 10, -8], "size": [4, 4, 3], "pivot": [-1, 10, -7], "rotation": [-7.5, 2.5, -12.5], "uv": [30, 0]},
						{"origin": [-1, 3, -8], "size": [4, 4, 3], "pivot": [1, 3, -7], "rotation": [-15, 2.5, 10], "uv": [28, 28]},
						{"origin": [3, 3, -4], "size": [4, 4, 3], "pivot": [5, 3, -3], "rotation": [-15, 2.5, 0], "uv": [14, 26]},
						{"origin": [3, 10, 0], "size": [4, 4, 3], "pivot": [5, 10, 1], "rotation": [-15, 2.5, 15], "uv": [0, 26]}
					]
				}
			]
		}
	]
}