{
	"format_version": "1.10.0",
	"geometry.cavegrass": {
		"texturewidth": 16,
		"textureheight": 16,
		"visible_bounds_width": 2,
		"visible_bounds_height": 2,
		"visible_bounds_offset": [0, 1, 0],
		"bones": [
			{
				"name": "unknown_bone",
				"pivot": [0, 0, 0],
				"cubes": [
					{"origin": [-1, 0, -5], "size": [1, 13, 9], "uv": [0, 0]},
					{"origin": [-5, 0, 0], "size": [9, 15, 1], "uv": [0, 0]}
				]
			},
			{
				"name": "1",
				"pivot": [0, 0, 0],
				"cubes": [
					{"origin": [4, 0, -8], "size": [0, 16, 16], "uv": [0, -16]}
				]
			},
			{
				"name": "2",
				"pivot": [0, 0, 0],
				"cubes": [
					{"origin": [-8, 0, 4], "size": [16, 16, 0], "uv": [0, 0], "mirror": true}
				]
			},
			{
				"name": "bone",
				"pivot": [0, 0, 0],
				"rotation": [0, -90, 0]
			},
			{
				"name": "a",
				"parent": "bone",
				"pivot": [0, 0, 0],
				"rotation": [0, -90, 0],
				"cubes": [
					{"origin": [-8, 0, 4], "size": [16, 16, 0], "uv": [0, 0], "mirror": true}
				]
			},
			{
				"name": "bone3",
				"pivot": [0, 0, 0],
				"rotation": [0, 90, 0]
			},
			{
				"name": "b",
				"parent": "bone3",
				"pivot": [0, 0, 0],
				"rotation": [0, 90, 0],
				"cubes": [
					{"origin": [4, 0, -8], "size": [0, 16, 16], "uv": [0, -16]}
				]
			}
		]
	}
}