{
	"format_version": "1.12.0",
	"minecraft:geometry": [
		{
			"description": {
				"identifier": "geometry.ice",
				"texture_width": 64,
				"texture_height": 64,
				"visible_bounds_width": 2,
				"visible_bounds_height": 2.5,
				"visible_bounds_offset": [0, 0.75, 0]
			},
			"bones": [
				{
					"name": "unknown_bone",
					"pivot": [0, 0, 0],
					"cubes": [
						{"origin": [-6, 0, -5], "size": [11, 3, 10], "uv": [0, 0]},
						{"origin": [-5, 3, -4], "size": [9, 2, 8], "uv": [0, 13]},
						{"origin": [-4, 5, -3], "size": [7, 3, 6], "uv": [0, 23]},
						{"origin": [-3, 8, -2], "size": [5, 2, 4], "uv": [20, 23]},
						{"origin": [-2, 10, -1], "size": [3, 2, 2], "uv": [0, 0]}
					]
				}
			]
		}
	]
}