{
	"format_version": "1.12.0",
	"minecraft:geometry": [
		{
			"description": {
				"identifier": "geometry.miner",
				"texture_width": 128,
				"texture_height": 128,
				"visible_bounds_width": 2,
				"visible_bounds_height": 3.5,
				"visible_bounds_offset": [0, 1.25, 0]
			},
			"bones": [
				{
					"name": "unknown_bone",
					"pivot": [0, 0, 0],
					"cubes": [
						{"origin": [-5, 34, -6], "size": [10, 1, 11], "uv": [0, 0]},
						{"origin": [-4, 35, -3], "size": [8, 3, 7], "uv": [44, 24]},
						{"origin": [-1, 35, -4], "size": [2, 2, 1], "uv": [0, 6]}
					]
				},
				{
					"name": "head",
					"pivot": [0, 24, 0],
					"mirror": true,
					"cubes": [
						{"origin": [-4, 24, -4], "size": [8, 10, 8], "uv": [20, 28], "mirror": false}
					]
				},
				{
					"name": "nose",
					"pivot": [0, 26, 0],
					"mirror": true,
					"cubes": [
						{"origin": [-1, 23, -6], "size": [2, 4, 2], "uv": [0, 0], "mirror": false}
					]
				},
				{
					"name": "body",
					"pivot": [0, 24, 0],
					"mirror": true,
					"cubes": [
						{"origin": [-4, 12, -3], "size": [8, 12, 6], "uv": [36, 6], "mirror": false},
						{"origin": [-4, 6, -3], "size": [8, 18, 6], "inflate": 0.5, "uv": [0, 12], "mirror": false}
					]
				},
				{
					"name": "leg0",
					"pivot": [2, 12, 0],
					"mirror": true,
					"cubes": [
						{"origin": [0, 0, -2], "size": [4, 12, 4], "uv": [52, 34], "mirror": false}
					]
				},
				{
					"name": "leg1",
					"pivot": [-2, 12, 0],
					"mirror": true,
					"cubes": [
						{"origin": [-4, 0, -2], "size": [4, 12, 4], "uv": [52, 52], "mirror": false}
					]
				},
				{
					"name": "arms",
					"pivot": [0, 22, 0],
					"mirror": true,
					"cubes": [
						{"origin": [-4, 16, -2], "size": [8, 4, 4], "uv": [32, 46], "mirror": false},
						{"origin": [4, 11, -2], "size": [4, 13, 4], "uv": [16, 46], "mirror": false},
						{"origin": [-8, 11, -2], "size": [4, 13, 4], "uv": [0, 36], "mirror": false}
					]
				},
				{
					"name": "helmet",
					"pivot": [0, 0, 0]
				}
			]
		}
	]
}