{
	"format_version": "1.12.0",
	"minecraft:geometry": [
		{
			"description": {
				"identifier": "geometry.mushroom",
				"texture_width": 32,
				"texture_height": 32,
				"visible_bounds_width": 3,
				"visible_bounds_height": 4,
				"visible_bounds_offset": [0, 1, 0]
			},
			"bones": [
				{
					"name": "1",
					"pivot": [0, 0, 0]
				},
				{
					"name": "2",
					"pivot": [0, 0, 0]
				},
				{
					"name": "bone",
					"pivot": [0, 0, 0],
					"rotation": [0, -90, 0]
				},
				{
					"name": "a",
					"parent": "bone",
					"pivot": [0, 0, 0],
					"rotation": [0, -90, 0],
					"cubes": [
						{
							"origin": [-9, 0, 0],
							"size": [18, 30, 0],
							"pivot": [0, 0, 0],
							"rotation": [0, 32.5, 0],
							"uv": {
								"north": {"uv": [0, 0], "uv_size": [32, 32]},
								"east": {"uv": [0, 0], "uv_size": [32, 0]},
								"west": {"uv": [0, 0], "uv_size": [32, 0]},
								"up": {"uv": [16, 0], "uv_size": [-16, 0]},
								"down": {"uv": [32, 0], "uv_size": [-32, 0]}
							}
						}
					]
				},
				{
					"name": "bone3",
					"pivot": [0, 0, 0],
					"rotation": [0, 90, 0]
				},
				{
					"name": "b",
					"parent": "bone3",
					"pivot": [0, 0, 0],
					"rotation": [0, 90, 0],
					"cubes": [
						{
							"origin": [0, 0, -10],
							"size": [2, 30, 20],
							"pivot": [0, 0, 0],
							"rotation": [0, 35, 0],
							"uv": {
								"north": {"uv": [0, 0], "uv_size": [32, 0]},
								"east": {"uv": [0, 0], "uv_size": [32, 32]},
								"south": {"uv": [0, 0], "uv_size": [32, 0]},
								"up": {"uv": [16, 0], "uv_size": [0, 16]},
								"down": {"uv": [32, 0], "uv_size": [-32, 0]}
							}
						}
					]
				}
			]
		}
	]
}