{
	"format_version": "1.12.0",
	"minecraft:geometry": [
		{
			"description": {
				"identifier": "geometry.rock_geko",
				"texture_width": 64,
				"texture_height": 64,
				"visible_bounds_width": 2,
				"visible_bounds_height": 1.5,
				"visible_bounds_offset": [0, 0.25, 0]
			},
			"bones": [
				{
					"name": "gecko",
					"pivot": [0, 0, 0]
				},
				{
					"name": "head",
					"parent": "gecko",
					"pivot": [0, 0, 0],
					"cubes": [
						{
							"origin": [-1, 1.5, -5],
							"size": [2, 1.5, 2],
							"uv": {
								"north": {"uv": [28, 12], "uv_size": [8, 8]},
								"east": {"uv": [24, 36], "uv_size": [8, 8]},
								"south": {"uv": [32, 36], "uv_size": [8, 8]},
								"west": {"uv": [36, 12], "uv_size": [8, 8]},
								"up": {"uv": [36, 20], "uv_size": [8, 8]},
								"down": {"uv": [36, 36], "uv_size": [8, -8]}
							}
						}
					]
				},
				{
					"name": "body",
					"parent": "gecko",
					"pivot": [0, 0, 0],
					"cubes": [
						{
							"origin": [-1.5, 1, -4],
							"size": [3, 2.5, 7],
							"uv": {
								"north": {"uv": [24, 24], "uv_size": [12, 12]},
								"east": {"uv": [0, 0], "uv_size": [28, 12]},
								"south": {"uv": [28, 0], "uv_size": [12, 12]},
								"west": {"uv": [0, 12], "uv_size": [28, 12]},
								"up": {"uv": [0, 24], "uv_size": [12, 28]},
								"down": {"uv": [12, 52], "uv_size": [12, -28]}
							}
						}
					]
				},
				{
					"name": "legs",
					"parent": "gecko",
					"pivot": [0, 0, 0]
				},
				{
					"name": "fl",
					"parent": "legs",
					"pivot": [1, 1, -3],
					"cubes": [
						{
							"origin": [1, 0, -3.5],
							"size": [1, 2, 1],
							"uv": {
								"north": {"uv": [40, 40], "uv_size": [4, 8]},
								"east": {"uv": [40, 0], "uv_size": [4, 8]},
								"south": {"uv": [24, 44], "uv_size": [4, 8]},
								"west": {"uv": [28, 44], "uv_size": [4, 8]},
								"up": {"uv": [40, 8], "uv_size": [4, 4]},
								"down": {"uv": [40, 40], "uv_size": [4, -4]}
							}
						}
					]
				},
				{
					"name": "fr",
					"parent": "legs",
					"pivot": [-1, 1, -3],
					"cubes": [
						{
							"origin": [-2, 0, -3.5],
							"size": [1, 2, 1],
							"uv": {
								"north": {"uv": [32, 44], "uv_size": [4, 8]},
								"east": {"uv": [36, 44], "uv_size": [4, 8]},
								"south": {"uv": [44, 44], "uv_size": [4, 8]},
								"west": {"uv": [44, 0], "uv_size": [4, 8]},
								"up": {"uv": [48, 44], "uv_size": [4, 4]},
								"down": {"uv": [8, 56], "uv_size": [4, -4]}
							}
						}
					]
				},
				{
					"name": "bl",
					"parent": "legs",
					"pivot": [1, 1, 2],
					"cubes": [
						{
							"origin": [1, 0, 1.5],
							"size": [1, 2, 1],
							"uv": {
								"north": {"uv": [44, 8], "uv_size": [4, 8]},
								"east": {"uv": [44, 16], "uv_size": [4, 8]},
								"south": {"uv": [44, 24], "uv_size": [4, 8]},
								"west": {"uv": [44, 32], "uv_size": [4, 8]},
								"up": {"uv": [12, 52], "uv_size": [4, 4]},
								"down": {"uv": [16, 56], "uv_size": [4, -4]}
							}
						}
					]
				},
				{
					"name": "br",
					"parent": "legs",
					"pivot": [-1, 1, 2],
					"cubes": [
						{
							"origin": [-2, 0, 1.5],
							"size": [1, 2, 1],
							"uv": {
								"north": {"uv": [40, 48], "uv_size": [4, 8]},
								"east": {"uv": [48, 48], "uv_size": [4, 8]},
								"south": {"uv": [48, 0], "uv_size": [4, 8]},
								"west": {"uv": [48, 8], "uv_size": [4, 8]},
								"up": {"uv": [20, 52], "uv_size": [4, 4]},
								"down": {"uv": [24, 56], "uv_size": [4, -4]}
							}
						}
					]
				},
				{
					"name": "tail",
					"parent": "gecko",
					"pivot": [0, 0, 0],
					"cubes": [
						{
							"origin": [-0.625, 1.75, 2.5],
							"size": [1.25, 1.25, 1.5],
							"uv": {
								"north": {"uv": [28, 52], "uv_size": [4, 4]},
								"east": {"uv": [28, 20], "uv_size": [8, 4]},
								"south": {"uv": [32, 52], "uv_size": [4, 4]},
								"west": {"uv": [44, 40], "uv_size": [8, 4]},
								"up": {"uv": [48, 16], "uv_size": [4, 8]},
								"down": {"uv": [48, 32], "uv_size": [4, -8]}
							}
						},
						{
							"origin": [-0.5, 1.8725, 3.5],
							"size": [1, 1, 1.5],
							"uv": {
								"north": {"uv": [36, 52], "uv_size": [4, 4]},
								"east": {"uv": [48, 32], "uv_size": [8, 4]},
								"south": {"uv": [44, 52], "uv_size": [4, 4]},
								"west": {"uv": [48, 36], "uv_size": [8, 4]},
								"up": {"uv": [0, 52], "uv_size": [4, 8]},
								"down": {"uv": [4, 60], "uv_size": [4, -8]}
							}
						},
						{
							"origin": [-0.3775, 2, 5],
							"size": [0.75, 0.75, 1],
							"uv": {
								"north": {"uv": [52, 52], "uv_size": [4, 4]},
								"east": {"uv": [52, 0], "uv_size": [4, 4]},
								"south": {"uv": [52, 4], "uv_size": [4, 4]},
								"west": {"uv": [52, 8], "uv_size": [4, 4]},
								"up": {"uv": [52, 12], "uv_size": [4, 4]},
								"down": {"uv": [52, 20], "uv_size": [4, -4]}
							}
						}
					]
				}
			]
		}
	]
}