{
	"format_version": "1.12.0",
	"minecraft:geometry": [
		{
			"description": {
				"identifier": "geometry.stalagmite",
				"texture_width": 64,
				"texture_height": 64,
				"visible_bounds_width": 3,
				"visible_bounds_height": 2.5,
				"visible_bounds_offset": [0, 0.75, 0]
			},
			"bones": [
				{
					"name": "unknown_bone",
					"pivot": [0, 0, 0],
					"cubes": [
						{"origin": [-5, 0, -5], "size": [10, 0.2, 10], "uv": [0, 0]},
						{"origin": [-4, 0, -3], "size": [8, 5, 7], "uv": [0, 10]},
						{"origin": [-1.1, 0, -8], "size": [1.6, 3, 8], "pivot": [0, 0, -4], "rotation": [0, 90, 0], "uv": [22, 22]},
						{"origin": [-0.9, 5, -5], "size": [1.6, 3, 6], "pivot": [0, 5, -2], "rotation": [0, 90, 0], "uv": [24, 4]},
						{"origin": [-0.9, 10, -3], "size": [1.6, 3, 4], "pivot": [0, 10, -1], "rotation": [0, 90, 0], "uv": [0, 0]},
						{"origin": [-3, 5, -2], "size": [6, 5, 5], "uv": [0, 22]},
						{"origin": [-2, 10, -1], "size": [4, 4, 3], "uv": [30, 13]},
						{"origin": [-1, 14, -1], "size": [2, 3, 2], "uv": [17, 22]}
					]
				}
			]
		}
	]
}