{
	"format_version": "1.12.0",
	"minecraft:geometry": [
		{
			"description": {
				"identifier": "geometry.vine",
				"texture_width": 64,
				"texture_height": 64,
				"visible_bounds_width": 4,
				"visible_bounds_height": 3,
				"visible_bounds_offset": [0, 0.5, 0]
			},
			"bones": [
				{
					"name": "unknown_bone",
					"pivot": [0, 0, 0],
					"cubes": [
						{
							"origin": [-1, 0, -1],
							"size": [2, 16, 0],
							"uv": {
								"north": {"uv": [3, 0], "uv_size": [27, 30]},
								"east": {"uv": [0, 0], "uv_size": [2, 17]},
								"south": {"uv": [0, 0], "uv_size": [2, 17]},
								"west": {"uv": [23, 2], "uv_size": [2, 17]},
								"up": {"uv": [2, 2], "uv_size": [-2, -2]},
								"down": {"uv": [2, 2], "uv_size": [-2, -2]}
							}
						},
						{
							"origin": [-1, 0, -1],
							"size": [2, 16, 0],
							"pivot": [0, 0, 0],
							"rotation": [0, 92.5, 0],
							"uv": {
								"north": {"uv": [3, 0], "uv_size": [27, 30]},
								"east": {"uv": [0, 0], "uv_size": [2, 17]},
								"south": {"uv": [0, 0], "uv_size": [2, 17]},
								"west": {"uv": [23, 2], "uv_size": [2, 17]},
								"up": {"uv": [2, 2], "uv_size": [-2, -2]},
								"down": {"uv": [2, 2], "uv_size": [-2, -2]}
							}
						},
						{
							"origin": [-15.98572, 29, -0.34571],
							"size": [2, 2, 0],
							"pivot": [-14.98572, 15, 0.65429],
							"rotation": [-90, 92.5, 0],
							"uv": {
								"north": {"uv": [3, 0], "uv_size": [27, 30]},
								"east": {"uv": [0, 0], "uv_size": [2, 17]},
								"south": {"uv": [0, 0], "uv_size": [2, 17]},
								"west": {"uv": [23, 2], "uv_size": [2, 17]},
								"up": {"uv": [2, 2], "uv_size": [-2, -2]},
								"down": {"uv": [2, 2], "uv_size": [-2, -2]}
							}
						},
						{
							"origin": [-15.98572, 13, -0.34571],
							"size": [2, 2, 0],
							"pivot": [-14.98572, -1, 0.65429],
							"rotation": [-90, 92.5, 0],
							"uv": {
								"north": {"uv": [3, 0], "uv_size": [27, 30]},
								"east": {"uv": [0, 0], "uv_size": [2, 17]},
								"south": {"uv": [0, 0], "uv_size": [2, 17]},
								"west": {"uv": [23, 2], "uv_size": [2, 17]},
								"up": {"uv": [2, 2], "uv_size": [-2, -2]},
								"down": {"uv": [2, 2], "uv_size": [-2, -2]}
							}
						},
						{
							"origin": [1, 0, -1],
							"size": [0, 16, 2],
							"uv": {
								"north": {"uv": [0, 0], "uv_size": [0, 16]},
								"east": {"uv": [0, 0], "uv_size": [2, 16]},
								"south": {"uv": [0, 0], "uv_size": [0, 16]},
								"west": {"uv": [0, 0], "uv_size": [32, 31]},
								"up": {"uv": [0, 2], "uv_size": [0, -2]},
								"down": {"uv": [0, 2], "uv_size": [0, -2]}
							}
						},
						{
							"origin": [-1, 0, 1],
							"size": [2, 16, 0],
							"uv": {
								"north": {"uv": [4, 4], "uv_size": [26, 28]},
								"east": {"uv": [0, 0], "uv_size": [0, 16]},
								"south": {"uv": [0, 0], "uv_size": [2, 16]},
								"west": {"uv": [0, 0], "uv_size": [0, 16]},
								"up": {"uv": [2, 0], "uv_size": [-2, 0]},
								"down": {"uv": [2, 0], "uv_size": [-2, 0]}
							}
						}
					]
				}
			]
		}
	]
}