{
	"format_version": "1.8.0",
	"animations": {
		"animation.miner.move": {
			"loop": true,
			"animation_length": 2.08,
			"bones": {
				"head": {
					"rotation": {
						"1.04": [2.5, 0, 0],
						"1.92": [0, 0, 0]
					}
				},
				"nose": {
					"rotation": {
						"1.04": [0, 0, 0],
						"1.88": [-2.5, 0, 0]
					}
				},
				"leg0": {
					"rotation": {
						"0.0": [-7.5, 2.5, 0],
						"0.72": [7.5, 2.5, 0],
						"1.04": [15, 2.5, 0],
						"1.64": [-7.5, 2.5, 0],
						"2.08": [12.5, 2.5, 0]
					}
				},
				"leg1": {
					"rotation": {
						"0.0": [10, 0, 0],
						"0.72": [-15, 0, 0],
						"1.04": [-15, 0, 0],
						"1.64": [5, 0, 0],
						"2.08": [-12.5, 0, 0]
					}
				},
				"arms": {
					"rotation": {
						"0.0": [-10, 0, 0],
						"0.72": [17.5, 0, 0],
						"1.04": [-10, 0, 0],
						"1.64": [0, 0, 0],
						"2.08": [10, 0, 0]
					}
				}
			}
		}
	}
}