{
	"format_version": "1.8.0",
	"animations": {
		"animation.rock_geko.plop": {
			"animation_length": 6,
			"bones": {
				"gecko": {
					"position": {
						"0.0": [0, 0, 0],
						"1.0": [0, 1, 0],
						"2.0": [0, -1, 0],
						"5.0": [0, -1, 0],
						"6.0": [0, 0, 0]
					}
				},
				"body": {
					"rotation": [0, 0, 0]
				},
				"fl": {
					"rotation": {
						"0.0": [0, 0, 0],
						"1.0": [0, 0, -65],
						"5.0": [0, 0, -65],
						"6.0": [0, 0, 0]
					}
				},
				"fr": {
					"rotation": {
						"0.0": [0, 0, 0],
						"1.0": [0, 0, 65],
						"5.0": [0, 0, 65],
						"6.0": [0, 0, 0]
					}
				},
				"bl": {
					"rotation": {
						"0.0": [0, 0, 0],
						"1.0": [0, 0, -65],
						"5.0": [0, 0, -65],
						"6.0": [0, 0, 0]
					}
				},
				"br": {
					"rotation": {
						"0.0": [0, 0, 0],
						"1.0": [0, 0, 65],
						"5.0": [0, 0, 65],
						"6.0": [0, 0, 0]
					}
				}
			}
		},
		"animation.rock_geko.walk": {
			"loop": true,
			"animation_length": 2,
			"bones": {
				"fl": {
					"rotation": {
						"0.0": [0, 0, 0],
						"0.52": [-25, 0, 0],
						"1.0": [0, 0, 0],
						"1.52": [25, 0, 0],
						"2.0": [0, 0, 0]
					}
				},
				"fr": {
					"rotation": {
						"0.0": [0, 0, 0],
						"0.52": [25, 0, 0],
						"1.0": [0, 0, 0],
						"1.52": [-25, 0, 0],
						"2.0": [0, 0, 0]
					}
				},
				"bl": {
					"rotation": {
						"0.0": [0, 0, 0],
						"0.52": [25, 0, 0],
						"1.0": [0, 0, 0],
						"1.52": [-25, 0, 0],
						"2.0": [0, 0, 0]
					}
				},
				"br": {
					"rotation": {
						"0.0": [0, 0, 0],
						"0.52": [-25, 0, 0],
						"1.0": [0, 0, 0],
						"1.52": [25, 0, 0],
						"2.0": [0, 0, 0]
					}
				},
				"tail": {
					"rotation": {
						"0.0": [0, 0, 0],
						"0.52": [0, -20, 0],
						"1.0": [0, 0, 0],
						"1.52": [0, 20, 0],
						"2.0": [0, 0, 0]
					}
				}
			}
		}
	}
}